"id,term_gpa"
3,"[0, 2.81, 2.43, 2.7, 2.75, 2.33, 2.77, 2.58, 2.61, 2.36, 2.6, 2.69, 2.54, 2.3, 2.75]"
5,"[2.8, 3.11, 2.84, 2.35, 2.79, 2.82, 3.05, 2.75, 2.45, 2.39, 2.55, 3.25, 3.11, 2.0, 2.0, 2.39, 3.25]"
6,"[2.42, 2.69, 2.55, 2.21]"
7,"[3.17, 3.5]"
10,"[3.38, 0]"
12,[3.25]
15,"[3.44, 3.5, 3.6, 3.68, 3.73, 3.23, 3.64, 3.63, 3.61]"
17,"[2.83, 2.5, 3.03, 3.23, 3.46]"
18,"[2.5, 3.3, 3.0]"
19,"[2.88, 3.23, 3.13, 2.17]"
21,"[2.67, 2.96, 3.45, 2.95]"
23,"[2.83, 2.4, 2.83, 2.63]"
25,"[3.08, 3.27, 3.84, 3.71, 3.98, 3.38, 3.56, 3.71, 3.16, 3.77, 2.42]"
26,[0]
27,"[3.08, 2.85, 3.75]"
29,"[3.08, 3.5, 3.8, 3.72]"
33,"[3.0, 2.65, 2.58]"
37,"[2.5, 2.38, 2.44, 2.08, 2.42, 2.75, 2.0, 0, 2.43, 2.58, 2.0, 2.5]"
38,"[3.5, 2.92, 3.6, 3.4, 3.77]"
39,"[2.83, 2.54, 2.84, 3.25, 2.9, 2.89, 2.94, 2.87, 2.94, 2.87, 2.89, 2.88, 3.0]"
40,[0]
41,"[3.5, 0, 2.25, 0, 2.0, 0]"
43,[2.42]
46,"[3.75, 3.04, 3.83, 3.81, 3.42, 3.17, 3.48, 2.96]"
48,[2.0]
49,"[2.92, 3.02, 2.73, 3.16, 2.52, 0]"
50,"[2.92, 2.46, 2.68, 3.14, 2.5, 3.18, 2.2]"
51,"[3.25, 3.27, 2.91, 3.52, 2.95, 3.21, 3.1, 3.0, 2.72, 3.37, 2.52]"
53,"[3.75, 3.66, 3.77, 3.93, 3.63, 3.63]"
54,[0]
55,"[3.42, 3.13, 3.63]"
59,[2.92]
60,[3.5]
62,[2.25]
63,"[3.35, 3.75, 4.0, 3.63, 3.65, 3.63, 3.29, 2.54, 2.47, 0, 0, 3.2, 0]"
65,"[3.92, 3.75, 3.95, 3.98, 3.84, 3.68, 3.88, 3.66, 3.48, 3.19]"
67,[0]
68,"[4.0, 3.44, 3.64, 3.86, 3.52, 3.69, 3.25, 3.46, 3.46, 3.0, 3.68, 3.46]"
71,"[2.25, 2.32, 3.75]"
73,"[0, 2.13, 2.25, 2.54, 2.0]"
75,"[2.92, 3.48, 2.4, 2.85]"
76,"[2.5, 2.7, 2.54, 2.44, 2.56, 2.42, 2.3, 2.14, 2.13]"
78,[2.08]
80,"[2.75, 2.92, 3.29, 2.95, 2.7, 3.12, 2.98, 2.72, 2.38, 3.07]"
81,"[0, 2.5, 2.92, 3.0, 2.62, 2.73]"
83,"[2.88, 2.63, 2.57, 2.25, 2.25, 0, 2.5, 0]"
84,"[2.0, 2.04, 3.0, 2.68, 3.0, 2.25, 2.8, 3.05]"
85,"[3.06, 2.88, 2.97, 2.33, 2.48, 2.98, 3.15, 2.39, 2.25]"
86,"[2.75, 2.64, 2.9, 2.81, 2.65, 2.35, 3.45, 2.66, 2.92, 2.94, 2.56, 2.98, 2.41, 2.56]"
87,"[3.42, 3.0, 2.96, 3.19, 3.18, 3.4]"
88,"[2.92, 2.9, 2.8, 3.35, 2.7, 2.95, 3.08, 2.78, 3.37, 2.66, 2.93, 2.75, 4.0]"
89,"[2.5, 3.2, 2.71, 2.57]"
92,[2.0]
97,[4.0]
98,[2.13]
100,"[2.25, 2.46, 2.0, 0]"
102,"[2.5, 2.52, 3.25, 2.42, 2.16]"
103,"[3.17, 3.59, 3.75, 3.25, 3.09, 3.7]"
105,"[3.15, 2.8]"
106,[2.58]
107,"[3.58, 3.08]"
109,"[2.5, 2.52, 3.02, 3.0, 2.54, 2.32, 2.16]"
110,[2.58]
111,"[3.33, 3.05]"
113,[0]
118,"[2.0, 3.52, 3.0, 2.8, 2.77, 3.27]"
121,[0]
122,"[3.25, 3.71, 3.31]"
124,"[3.58, 3.83, 3.91, 3.89]"
125,[2.75]
126,"[3.21, 3.17, 3.29, 2.94, 2.89, 3.21, 2.89, 2.9, 2.8, 2.82]"
127,[0]
128,"[2.63, 2.71, 3.17, 2.25, 2.68, 2.91, 2.55, 2.73, 3.32, 2.75]"
129,"[3.17, 2.5, 2.92]"
130,"[2.0, 2.33, 0]"
131,"[2.42, 2.63, 3.48, 3.67]"
132,"[2.75, 2.38, 2.61, 2.29, 2.32, 2.43, 2.0, 2.3, 2.7, 2.56, 2.96, 2.81]"
134,"[3.92, 3.5, 3.67, 3.6, 3.6, 3.45, 3.65]"
136,[2.38]
137,"[3.5, 3.27, 3.08]"
139,"[2.67, 0]"
140,"[2.5, 2.71, 3.25, 0, 2.08, 0, 0, 0, 0, 0, 0]"
141,"[2.5, 3.0]"
143,"[3.13, 3.19, 3.7, 2.85, 3.07, 3.39, 3.69, 3.3]"
145,"[3.0, 0, 0]"
147,"[3.33, 2.63, 2.92, 2.95, 2.3, 2.38]"
148,"[3.4, 3.94, 3.1, 3.48, 2.93, 3.27, 3.45, 3.52, 2.77, 2.68, 3.75]"
149,"[3.08, 2.96, 3.25, 3.08, 2.75, 3.4, 3.05]"
150,"[3.0, 3.04, 3.2, 3.02]"
151,"[2.67, 2.75, 3.02, 3.21, 2.54, 3.0, 3.0, 2.23, 2.77, 2.21]"
152,"[2.67, 2.55, 0]"
153,"[2.42, 3.02, 2.58, 2.5, 3.32, 2.81, 3.05, 2.86, 3.04, 2.57, 2.78, 2.52, 3.25]"
156,"[3.42, 3.6, 3.29, 3.25, 2.5]"
157,"[2.75, 2.72, 2.92, 2.66, 3.25, 2.48, 2.52, 2.77, 2.8, 2.55, 2.65, 2.29, 3.75]"
158,"[0, 0, 2.25, 2.75, 2.35]"
159,[2.0]
160,[0]
161,[2.5]
162,"[3.67, 2.92, 2.5, 2.21, 2.93, 3.02, 2.72, 3.23, 3.11, 2.82, 0]"
163,"[2.25, 2.5, 2.75, 2.75, 2.25]"
165,"[2.58, 4.0, 0, 3.25, 2.0, 3.33, 4.0, 0]"
166,"[3.17, 2.88, 2.52, 2.38, 2.75, 2.3, 2.39]"
169,[3.42]
170,[0]
174,"[3.42, 3.5, 3.39, 2.82]"
175,"[3.17, 3.25, 3.37, 3.25, 3.38, 3.11, 3.17, 2.82, 3.46, 2.69, 2.71, 3.11]"
176,"[2.0, 2.58]"
177,"[3.5, 3.94, 4.0, 3.97, 3.78, 3.92]"
179,"[3.83, 3.73, 3.42]"
180,[0]
181,"[3.17, 3.29, 2.85, 3.3, 3.18, 2.84, 2.75]"
184,"[2.75, 0]"
187,"[3.13, 3.38, 2.73, 2.5, 2.93, 3.15, 3.02, 2.75, 2.5]"
188,"[3.75, 3.38, 3.73, 3.59, 3.52, 3.71, 3.64, 3.79, 3.25, 3.48, 3.64, 3.75]"
189,[0]
191,"[3.42, 2.98]"
192,"[2.67, 2.23, 2.32, 2.75, 2.31, 2.75, 2.4, 2.5]"
193,"[0, 2.58, 2.71, 3.29, 2.85, 3.08]"
196,[2.63]
198,"[3.67, 3.65]"
200,"[3.67, 3.41, 3.52, 3.55, 3.42, 3.34]"
204,"[3.88, 3.55, 3.77, 3.7, 3.83, 3.21, 3.75, 3.86, 3.45]"
205,"[3.13, 2.73, 2.67, 2.54, 2.73, 2.73, 2.5, 2.86, 3.37]"
206,"[2.58, 3.08, 2.77, 2.95]"
209,"[2.42, 0, 3.08, 2.75, 2.75, 2.57]"
210,"[0, 2.75, 3.08, 2.67, 2.25, 2.38, 2.42, 3.27]"
211,"[2.5, 3.19, 2.5]"
212,[3.33]
213,[0]
214,[0]
217,"[3.77, 3.83, 3.77, 3.35, 3.54, 4.0, 3.31, 3.6, 3.69, 3.13, 3.34, 4.0]"
218,[3.25]
219,"[2.13, 2.5, 2.45, 2.81, 2.25, 2.82, 2.0, 2.69, 2.88]"
220,[2.33]
221,"[2.25, 3.05, 2.73, 2.38]"
222,[0]
224,"[2.5, 2.62, 2.75, 2.36, 2.46]"
225,"[0, 2.25, 2.38, 2.57, 2.23, 3.0]"
226,"[3.35, 2.7, 3.48, 3.13, 3.75, 2.0, 2.75, 2.91, 2.67, 3.08, 3.12, 3.1, 3.15, 2.56]"
231,"[2.75, 2.57, 2.93, 0, 2.0, 2.25, 2.0, 2.22, 2.0, 3.25, 0, 2.0, 2.33, 2.0]"
232,[2.38]
234,"[3.75, 3.08, 3.54]"
236,"[2.5, 2.31, 2.5, 2.75, 2.13, 2.75, 2.25, 2.18]"
237,"[3.81, 3.86, 3.83, 3.73, 3.63, 3.94]"
238,[2.5]
239,[2.0]
240,[2.08]
241,"[2.63, 2.71, 2.2, 2.81, 2.5, 2.48, 3.0, 2.35, 2.33, 2.23, 2.23, 2.45, 2.5]"
245,"[2.5, 2.58, 2.73, 2.13, 2.81, 2.47, 2.58, 2.42]"
247,"[2.25, 2.5, 3.23, 3.25]"
248,"[2.25, 2.95, 3.31, 3.2, 2.7, 3.41]"
250,[0]
251,"[2.33, 2.46, 3.2, 2.56, 3.02, 3.13, 3.08]"
253,"[3.83, 3.85, 3.88]"
254,"[3.0, 3.4, 3.64, 3.07]"
255,"[2.58, 2.9, 2.82, 2.44]"
257,"[3.17, 3.17, 2.88, 3.06, 2.79, 2.79, 2.5]"
259,"[2.33, 2.75, 2.75, 2.57, 2.13, 2.64, 2.33, 2.18, 2.57, 2.42, 2.33, 2.44, 2.96]"
260,"[3.25, 2.13, 3.15, 3.02, 3.0, 2.84, 2.92]"
262,"[3.83, 3.38, 3.45, 3.14, 3.39, 3.23, 2.72, 2.43, 2.88, 2.88, 3.11, 3.17, 3.45, 2.21]"
263,"[3.5, 3.14, 3.33, 3.27, 3.68, 3.25, 3.48, 3.09, 3.25, 3.54, 3.8, 3.33, 3.25]"
264,"[3.17, 2.29, 2.85, 2.33, 2.29, 2.48, 2.75]"
266,"[0, 2.5, 3.25, 0]"
269,"[3.0, 3.37, 2.92]"
271,[3.25]
275,"[3.42, 3.48, 3.75]"
276,[3.92]
278,"[3.5, 2.57, 3.38, 0, 3.52, 3.33, 3.13]"
279,"[0, 2.06, 2.08, 2.0, 2.31, 2.17, 2.7, 2.3]"
283,"[3.25, 2.69, 3.08]"
285,"[3.08, 3.05, 3.46, 3.25, 2.98, 3.15, 2.35]"
288,"[4.0, 3.87, 3.95, 3.79, 3.73, 3.92]"
289,[2.25]
290,"[3.58, 3.65, 3.89, 3.5]"
293,"[2.58, 2.33, 2.46, 2.93, 2.63, 2.58, 2.33, 2.6, 2.6, 2.92]"
294,"[2.75, 2.75, 0, 2.04, 2.25, 0, 3.25, 0]"
295,"[0, 0]"
300,"[0, 0]"
303,[3.17]
305,[2.17]
306,"[2.5, 2.12, 2.58, 2.38, 2.56, 0]"
307,"[2.67, 2.17]"
311,"[2.92, 2.93, 2.63, 2.59, 2.64, 2.91, 3.02, 2.95, 2.92, 2.59, 2.75, 3.75]"
312,"[3.75, 3.25, 3.63, 3.61, 3.59, 3.4, 3.73, 3.73, 3.84, 3.73]"
313,"[3.58, 3.77, 3.69, 3.52]"
314,"[2.92, 2.21, 3.15, 2.83, 2.44, 2.46, 2.65]"
318,"[3.33, 3.4, 2.9]"
319,[2.88]
320,"[2.0, 2.19, 2.25]"
322,"[2.42, 3.25, 3.25, 2.58]"
323,[3.0]
324,"[2.58, 2.46, 2.29, 2.71, 2.75, 2.64, 2.31]"
327,"[3.83, 3.48, 3.9, 3.35, 3.92, 3.94, 3.96]"
328,[3.17]
329,"[3.81, 3.48, 3.48, 3.9, 3.85, 4.0, 3.63, 3.82, 3.69]"
330,"[3.0, 3.44, 3.13, 3.5, 2.63, 3.5, 2.88, 2.81, 3.13, 2.5, 2.5, 3.06]"
332,"[3.25, 3.17]"
335,"[3.42, 3.65, 3.18, 2.29]"
336,"[3.0, 2.67, 2.71, 2.75, 2.19, 2.59, 2.45, 2.38, 2.71, 2.81, 3.27, 2.54]"
337,[0]
338,"[3.0, 0, 0]"
339,[2.5]
340,"[4.0, 3.54, 3.48]"
343,[0]
344,"[2.63, 2.68, 0, 2.7, 0, 3.14, 2.88, 3.25, 3.03, 2.7, 2.65, 2.75, 2.8]"
345,"[3.58, 3.69, 4.0, 3.92, 3.98, 3.93, 4.0, 4.0, 4.0, 3.93, 3.69]"
348,"[2.88, 3.48, 3.68, 3.48, 2.9, 3.13, 3.29, 3.17, 3.0]"
351,"[2.25, 2.63, 2.52, 2.94, 2.25, 0, 2.59, 2.5, 2.44]"
352,"[2.25, 2.23, 2.5, 2.0]"
353,"[3.75, 3.64, 3.66, 3.75, 3.79, 3.75, 3.29, 3.73, 3.54]"
354,"[2.33, 2.25, 0, 0, 0, 2.13]"
355,[3.42]
358,[2.42]
360,"[3.08, 3.08, 2.6, 3.06, 2.88, 2.92, 2.73, 2.23, 2.59, 2.0, 2.85, 2.98, 2.13, 3.13, 3.5]"
361,[0]
362,"[3.58, 3.15, 3.68, 3.52, 3.3, 3.46, 2.75, 2.59, 2.58, 3.0, 2.58, 3.19]"
363,[2.25]
364,[2.0]
365,[0]
366,[2.25]
370,"[2.0, 2.87, 3.17, 2.91]"
371,[2.33]
374,"[3.42, 3.5, 3.58, 3.0, 3.17, 3.56]"
375,[0]
379,[0]
380,"[3.67, 3.5, 3.79, 3.77, 3.6, 3.12, 3.1, 2.9, 3.41, 3.04, 3.13, 3.08, 3.75]"
384,[2.25]
385,[0]
386,"[2.25, 3.0]"
387,[2.42]
388,"[2.5, 2.19, 2.38]"
390,[3.42]
392,"[3.67, 3.08]"
393,[2.0]
394,"[2.88, 2.58, 2.95, 3.57, 2.95, 3.33, 2.59, 2.94, 2.93, 3.11, 2.71, 3.28, 2.83, 2.83, 3.25]"
396,"[3.13, 2.75, 3.15, 2.61, 2.82, 2.5, 2.89]"
397,"[2.42, 3.31, 2.82, 2.63, 2.8, 3.75]"
398,"[3.31, 3.54, 3.71, 3.7, 3.61, 3.63, 3.71, 3.39, 3.56]"
399,"[2.92, 3.63, 3.46, 3.09]"
401,"[3.42, 3.94, 3.98, 4.0, 4.0, 3.95, 4.0, 4.0]"
402,"[2.13, 2.75, 2.58, 2.25]"
404,"[2.75, 2.88]"
405,"[2.58, 2.32, 2.42, 2.36]"
407,"[2.25, 2.75, 2.67]"
408,"[2.67, 2.5, 0, 0]"
409,[3.58]
410,"[2.92, 2.82, 2.83, 2.86, 2.88, 2.0]"
411,"[2.67, 2.96, 3.38]"
412,[0]
416,[3.17]
420,"[3.13, 2.98, 3.12, 3.34, 3.23, 3.58, 2.86, 2.88, 3.29]"
422,"[2.88, 2.25, 2.38, 2.33, 2.77, 2.65, 2.29, 2.52, 2.62, 2.46, 2.25, 3.17, 2.98, 3.41]"
423,"[2.83, 0, 4.0]"
424,"[2.67, 2.9, 3.23, 2.4, 2.42, 2.42, 2.41, 2.59, 2.42, 2.52, 2.56, 3.23, 3.5]"
426,"[2.75, 3.04, 2.77, 2.91, 2.65, 2.11, 2.56, 2.5, 2.13, 2.77, 2.68]"
428,"[2.5, 2.63, 0]"
431,"[3.0, 3.42, 3.21, 3.44]"
433,[2.25]
434,"[2.92, 3.27, 2.82, 2.9, 2.52, 2.27, 3.08, 2.8, 2.32, 2.74, 2.85]"
435,"[2.0, 2.75]"
436,[2.75]
438,"[3.0, 3.23, 2.52]"
442,"[2.0, 0, 0, 0, 0, 0]"
443,"[2.38, 3.13, 3.25, 2.67]"
445,"[3.08, 2.71, 3.08, 3.19, 3.13, 2.77, 2.89]"
448,[3.67]
450,[2.38]
451,[2.5]
452,[2.0]
453,"[2.0, 2.58, 2.65, 2.3, 2.63, 2.55, 2.32, 3.0]"
458,"[0, 3.83, 2.9, 3.6, 3.32, 3.5]"
460,"[2.25, 3.07, 2.48, 2.5, 2.7, 2.45, 2.67, 2.25, 2.13, 2.32, 2.5]"
461,"[3.33, 3.61, 3.5, 3.63, 2.0, 2.75]"
462,"[2.42, 2.59, 2.5, 2.69, 2.0, 2.17, 2.75, 2.46, 2.66, 2.91, 2.73, 2.54, 3.0, 3.27, 2.75]"
463,[3.0]
464,"[3.0, 2.8, 3.59, 3.4, 3.52, 3.55]"
467,"[2.0, 2.5, 0]"
468,[0]
469,"[2.38, 2.37, 2.0, 0]"
470,"[2.83, 3.27, 3.35, 3.5, 3.52, 3.29, 3.02, 2.88]"
471,"[2.83, 2.71, 2.87, 3.05, 2.98, 2.89]"
472,[2.38]
475,"[3.25, 3.13]"
476,"[2.33, 2.67]"
477,"[2.67, 2.85, 2.62, 3.08]"
480,"[2.75, 2.67, 2.52, 4.0, 2.34]"
482,"[3.58, 3.54, 3.31]"
485,"[3.25, 3.63, 0]"
486,"[3.17, 2.73, 3.8, 2.72]"
488,"[2.13, 2.63, 2.75, 2.44, 2.68, 2.41]"
489,[0]
490,"[2.92, 2.86, 2.55, 2.68, 2.17, 2.19, 2.57, 2.41, 2.63, 2.98, 3.1, 2.77, 4.0]"
491,[0]
492,"[3.0, 3.19]"
493,"[2.75, 3.04, 2.63, 2.67, 2.64, 2.63, 2.67, 2.98, 3.15]"
496,"[2.5, 2.67, 0, 0, 0]"
497,"[2.25, 2.92, 2.58, 3.17, 3.25, 3.08]"
500,"[2.5, 2.73, 2.5, 2.88, 3.23, 3.38, 2.38, 2.5, 2.14, 2.19, 2.58, 2.11, 2.41, 3.13, 2.25]"
504,"[3.92, 3.35, 3.63, 3.82, 3.82, 3.89, 3.5, 3.39, 3.52, 3.2]"
506,[3.67]
507,"[2.75, 2.57, 3.23]"
509,[0]
512,"[2.92, 2.9, 3.64, 3.02, 3.25, 3.18, 2.43, 2.71, 2.5, 2.35, 2.6, 3.0]"
513,"[0, 2.5, 3.25, 2.66, 2.63, 2.0]"
519,"[2.92, 2.69, 2.31, 2.52, 2.88, 2.38]"
520,"[4.0, 3.0, 2.69, 3.0, 2.5, 2.92, 2.95, 2.92, 3.3, 3.08, 3.31, 2.88, 4.0]"
521,"[3.0, 0, 0]"
524,"[3.83, 3.63, 3.75, 3.57, 3.83, 3.87, 3.78]"
525,"[2.0, 2.0, 2.75]"
529,[0]
530,"[2.25, 2.25, 2.11, 2.13, 2.25, 2.08, 0, 2.72, 2.25, 2.25]"
531,"[3.67, 2.72, 2.44, 3.33, 3.33, 3.68]"
533,[3.92]
534,[3.92]
536,"[2.25, 2.73, 3.19, 3.35, 3.2, 3.25]"
540,"[2.83, 3.4, 3.0, 3.2, 3.0]"
541,[2.75]
542,"[2.67, 2.63, 2.8]"
544,[0]
545,"[2.5, 2.54, 0, 2.0, 2.44]"
546,[3.0]
547,"[2.33, 2.81, 2.5, 2.2, 2.0]"
548,"[3.0, 2.75, 2.83, 2.55, 3.04, 2.4, 2.39, 2.58, 2.54, 2.5, 2.2, 3.14, 2.63, 3.06]"
549,"[2.63, 2.48, 2.67, 3.89, 2.95, 2.2, 2.53, 2.67, 2.58, 2.19, 2.44, 2.85, 2.8, 2.98, 2.5]"
550,"[3.42, 3.84, 3.48, 3.05]"
551,"[2.13, 2.5, 2.5, 3.13, 3.4, 2.42]"
552,"[3.04, 3.1, 3.83, 2.79, 2.98, 3.0, 3.25, 3.08, 3.23, 2.96, 3.67, 3.34]"
555,"[3.38, 2.75, 2.46, 2.44, 2.35, 2.46, 2.6, 2.35, 2.71, 2.75, 2.53]"
557,"[3.42, 3.63, 3.39, 3.16]"
560,[2.5]
561,"[4.0, 3.7, 4.0, 3.77, 3.75, 3.38, 3.71, 3.49, 3.71, 3.31, 3.1, 3.77, 3.75]"
562,[2.33]
564,"[2.0, 2.88, 3.42, 3.69, 3.23, 2.81]"
566,"[3.13, 2.58, 2.63, 2.43, 2.63, 2.5, 2.78, 2.73, 2.81, 2.93, 3.23, 3.17, 2.86]"
568,"[2.89, 2.13]"
570,"[2.83, 2.4, 3.6, 3.21, 3.57, 3.71, 3.2, 3.61]"
571,"[4.0, 3.5, 3.63, 3.19, 3.75, 2.92, 3.92, 3.33, 3.42, 3.5, 3.31, 3.38, 3.17, 2.83]"
572,"[4.0, 3.71, 3.88, 3.95, 3.5, 3.83, 3.77]"
573,"[2.88, 3.46, 3.42, 3.18, 3.62, 3.98, 3.25, 3.54, 2.88]"
574,[0]
575,[3.92]
576,"[3.17, 3.48, 3.55]"
577,"[2.77, 2.9, 2.23, 2.54, 3.02, 3.33, 3.11, 2.57, 3.13, 2.48, 2.84, 3.19, 2.69]"
578,"[2.52, 2.92, 2.79, 2.36, 2.81, 2.68, 2.65, 2.71, 2.43, 2.25, 2.72]"
579,[0]
581,"[2.58, 2.58, 2.4, 2.92, 2.5, 2.33, 2.65]"
584,"[3.08, 2.89, 2.5, 2.88, 3.63, 3.08, 3.07, 2.79, 3.1, 2.73, 3.15, 2.8, 3.25]"
586,[2.63]
587,"[2.75, 2.0, 0]"
588,[2.75]
590,"[2.67, 3.2, 2.88, 2.93, 3.21, 2.89, 2.95]"
591,"[2.25, 3.5, 0]"
592,"[2.58, 2.88, 3.11]"
596,"[3.71, 3.33, 3.77, 3.71, 3.48, 3.88, 3.37, 3.31, 3.64, 3.19, 3.08, 3.44, 3.47]"
598,"[2.83, 3.04, 3.0, 2.44, 2.88, 2.77, 2.93, 3.43]"
601,"[4.0, 3.83, 3.79, 3.77, 3.34, 3.73, 3.41, 3.08, 3.35, 3.81, 3.0, 3.5]"
602,[4.0]
603,"[2.33, 3.25, 0, 0]"
604,[3.92]
606,"[3.17, 2.81, 3.35, 3.38, 3.61]"
608,"[3.25, 2.5, 2.5, 0]"
609,"[3.13, 2.85]"
611,"[2.58, 3.02, 3.36, 2.73, 2.66, 2.25, 2.94, 2.63, 2.47, 2.35]"
614,"[3.67, 3.25, 2.91, 3.83, 2.67, 3.09, 2.92, 2.7, 2.81, 2.56, 3.29, 3.59, 2.93]"
616,"[2.25, 2.77, 2.75]"
618,"[2.58, 2.0, 2.39]"
620,"[3.0, 3.12]"
621,[0]
623,"[3.83, 3.42, 3.84, 3.94, 3.42, 3.45, 3.33, 3.42, 2.66, 3.6, 3.94, 3.5]"
624,[2.67]
625,"[3.08, 2.55, 2.39, 2.98, 2.43, 2.65, 2.67, 2.79, 2.3, 2.38, 2.77, 2.5, 3.0]"
626,"[3.25, 3.12, 3.05, 2.12, 0]"
627,"[3.83, 3.77, 3.91, 4.0, 3.41, 3.25, 3.88, 3.38, 2.94, 3.25]"
628,[4.0]
629,[2.5]
630,[0]
631,[2.42]
632,"[2.92, 2.48, 2.5, 3.25, 3.5, 2.0, 2.88, 2.55, 3.17, 2.7, 3.22, 3.04, 3.63]"
635,"[2.92, 2.46, 2.89, 3.05, 3.02, 2.79, 3.54]"
636,"[3.92, 3.54, 3.94, 3.66]"
639,[3.92]
641,"[3.54, 3.85, 3.71, 3.41, 3.43, 3.7, 3.43, 3.06, 3.35, 2.43, 2.5, 3.05, 4.0]"
642,"[3.08, 2.44, 3.25]"
643,[0]
644,"[2.5, 2.58, 2.58, 2.19, 2.27]"
645,"[2.92, 2.42, 0, 3.75, 0, 2.31]"
646,"[3.09, 3.32, 3.23, 3.45, 3.57, 2.95, 3.52, 3.5, 3.18, 3.5]"
648,"[2.0, 2.25, 0]"
650,"[2.69, 2.67, 3.32, 2.92, 3.06, 3.38, 2.25, 2.93, 2.81]"
652,"[2.0, 0, 0, 0, 0]"
653,"[2.25, 2.94, 0, 0, 2.5, 2.25]"
655,"[0, 0, 0, 0]"
656,[2.63]
658,"[3.06, 3.7]"
659,[2.33]
661,[3.17]
664,"[3.25, 3.46, 3.09, 2.73, 2.3, 2.19, 3.06, 2.53, 2.65, 2.38, 2.36, 2.94, 2.47, 2.52, 3.5]"
667,"[2.25, 2.85, 3.27, 2.94, 2.25, 2.7, 2.1, 3.02, 2.38, 2.66, 2.75, 2.29, 3.75]"
668,"[4.0, 3.83, 3.95, 3.98, 3.95, 3.79]"
669,[3.83]
671,[2.25]
672,"[3.56, 3.55, 3.27, 3.06, 3.02, 3.02, 3.59, 2.9, 3.19]"
673,"[2.0, 2.58, 2.44, 2.95, 2.43, 2.0, 2.25]"
677,[2.0]
678,"[2.42, 2.75, 3.14, 2.75, 2.67, 2.66, 2.31, 3.21, 2.98, 2.43]"
680,"[2.58, 2.86, 2.44]"
683,"[2.25, 2.11, 2.69, 2.25]"
685,"[2.5, 0, 2.25, 2.43, 2.5, 2.38, 2.21, 2.0, 2.46]"
686,[3.58]
687,"[2.5, 2.52, 2.71, 2.32, 2.39, 2.63, 2.33, 2.53, 2.17, 2.75, 2.9, 2.58]"
689,"[2.25, 0]"
690,"[3.17, 2.32]"
691,"[3.29, 3.92, 3.71, 3.06, 3.61, 3.36, 3.16, 3.31, 2.57, 3.48, 2.75, 3.12, 3.25]"
692,"[0, 2.0, 0]"
693,"[2.25, 3.32, 2.6]"
694,"[3.0, 2.56, 3.0, 2.75, 2.77, 2.36, 0, 2.0]"
697,[0]
698,"[2.5, 2.52, 3.09, 2.52]"
700,"[2.42, 3.31, 2.06, 2.46, 2.25, 2.3, 2.0, 2.0, 2.29, 2.06, 2.31, 2.0, 0]"
702,[0]
705,"[2.38, 2.11, 2.7, 2.21, 0]"
706,[0]
707,"[2.25, 2.63, 2.9, 0]"
708,[0]
710,"[2.25, 0, 2.75, 0]"
712,"[0, 2.79, 2.0, 3.15, 3.25, 3.1, 2.94, 3.0, 3.17, 2.98, 2.75, 2.58, 0, 2.75]"
713,[0]
715,"[2.5, 2.54]"
716,"[3.0, 2.81, 2.94, 2.53]"
717,"[2.5, 0]"
719,[3.58]
720,"[0, 2.92, 2.45, 2.18, 2.5, 2.68, 3.17]"
721,"[3.63, 3.69, 2.88, 3.31, 2.81, 3.0, 3.5, 3.13, 3.81, 3.19, 3.5, 3.88]"
722,"[2.75, 2.42, 2.65, 2.0, 2.88, 2.38, 2.67]"
723,[0]
725,"[3.33, 3.54, 3.39, 2.84]"
729,"[2.17, 2.44, 2.58, 2.73, 3.08, 2.58]"
730,"[2.0, 2.15, 2.56, 2.25, 2.96, 2.0]"
732,"[2.08, 2.48, 2.57, 3.0, 2.17, 2.13]"
733,"[2.38, 3.0, 2.25, 2.0, 3.63, 2.63, 2.88, 2.38, 3.06, 2.77, 2.5, 2.66, 3.43, 2.52, 3.07, 2.87]"
734,"[2.83, 3.33, 3.81, 3.02, 3.36, 3.48, 3.02, 3.46]"
736,[2.75]
738,[2.83]
739,"[3.0, 2.6, 3.23, 3.32, 3.43, 3.34, 3.17, 2.91, 2.77, 3.07]"
740,"[3.33, 3.46, 2.83, 3.1, 0, 3.0, 2.0, 2.89, 2.75, 2.0, 2.69, 2.31, 2.5, 2.13]"
743,[2.5]
744,"[3.83, 3.36, 3.67, 3.89, 3.71, 3.42, 3.89, 3.48, 3.69, 3.65, 3.33, 3.42, 3.5]"
745,"[2.33, 2.29, 2.13, 2.08, 2.39, 0, 0]"
746,"[2.0, 0]"
749,"[3.33, 3.31, 3.25]"
750,"[3.25, 3.15, 2.33, 2.96]"
751,[0]
755,"[2.25, 2.42, 2.61]"
756,[0]
757,"[0, 2.67, 2.31]"
758,[2.0]
759,"[2.75, 3.2, 3.65, 3.63, 3.25, 3.25, 3.65, 3.23, 3.84, 3.65, 3.23, 3.17, 0]"
760,[2.25]
762,"[3.06, 3.43, 2.77, 2.5, 2.5, 2.75]"
764,"[2.25, 3.29, 3.58]"
765,"[3.5, 3.13, 0, 2.95, 3.5, 3.42, 3.54, 3.69, 3.85, 3.79]"
766,"[4.0, 3.88, 3.65]"
768,"[0, 0]"
769,"[2.0, 3.2, 3.48, 2.92, 3.18]"
770,"[2.5, 2.94, 2.55, 3.17]"
771,"[3.0, 2.75, 2.31, 2.75]"
773,"[3.08, 3.1, 3.39, 3.27, 3.23, 3.43, 3.38, 3.55, 3.46, 3.29]"
775,"[3.25, 0, 2.5, 0]"
777,"[3.33, 2.83, 2.71, 3.83, 2.79, 3.2, 2.73, 2.52, 3.08, 2.65, 2.06, 2.44]"
781,"[3.25, 3.52]"
782,"[2.5, 3.3, 2.88, 2.94, 2.53, 2.75, 2.59, 2.25, 2.89, 2.52, 2.87, 2.64, 2.88, 2.63]"
783,"[3.38, 2.88, 2.85, 2.84, 2.3, 2.25, 2.19, 2.02, 2.71]"
784,[2.25]
785,"[3.17, 2.7, 0]"
786,"[2.33, 2.85, 3.25, 2.58, 3.03, 2.63]"
787,"[3.71, 4.0, 4.0, 3.77, 3.96, 3.81, 3.77, 3.83, 3.94, 3.45, 3.39, 4.0]"
789,"[2.38, 3.25, 3.17, 3.0, 3.55, 2.5, 3.34]"
795,[2.33]
796,"[3.25, 3.15, 3.44, 3.38, 3.57, 3.29, 3.15]"
797,"[4.0, 3.88, 3.96, 3.79]"
800,[0]
802,[4.0]
803,"[3.13, 3.32, 3.23, 3.61, 3.32, 3.54, 3.46, 3.48, 3.13]"
804,"[4.0, 3.45, 3.63, 3.18, 3.42, 3.63]"
805,[2.0]
806,"[3.0, 2.94, 3.2, 3.42, 2.9, 0, 2.7]"
807,"[2.08, 2.7, 2.86, 2.92, 2.63, 2.7, 2.23]"
809,"[3.33, 2.92, 3.42, 3.82, 3.73]"
811,"[2.75, 2.77, 2.73, 2.73, 2.55, 3.13, 2.77]"
812,"[3.5, 2.67, 3.02, 2.92, 2.5]"
815,"[2.5, 2.64, 2.84, 2.25, 2.25, 0, 0, 3.0, 0, 0, 2.5, 2.13]"
818,[2.5]
819,"[0, 0, 0]"
820,"[3.33, 3.25, 0, 3.92, 2.68, 2.56, 0]"
821,[3.33]
823,"[3.42, 3.27, 3.93]"
824,[2.0]
827,"[2.63, 2.75, 2.4, 2.0, 2.36, 2.39, 2.45, 0, 2.75]"
829,"[2.5, 2.5, 0]"
831,"[3.58, 3.48]"
832,"[3.5, 3.13, 2.81, 3.25]"
833,[0]
836,"[2.58, 2.39]"
838,"[3.25, 3.5]"
840,"[2.75, 3.77, 3.46, 3.58, 3.55, 2.64, 2.98]"
841,"[2.25, 2.92, 2.88, 2.82, 2.86, 2.67]"
843,[0]
845,"[4.0, 3.84, 3.94]"
846,"[2.75, 2.13, 2.5, 2.42]"
847,"[0, 0, 0, 0, 2.65, 2.5]"
849,"[2.63, 0]"
850,[4.0]
852,[3.17]
853,"[3.33, 3.42, 3.63, 3.39, 3.05, 3.0, 3.23, 2.69, 2.97, 3.33]"
854,[2.13]
855,"[3.5, 3.0, 2.82, 3.25, 2.98, 3.08, 2.73, 3.15, 2.79, 2.82]"
856,"[2.5, 2.32, 2.57, 0, 0, 2.13, 2.38, 2.13, 2.0]"
857,"[3.25, 2.85, 3.34, 3.6, 2.95, 3.7, 3.73, 3.4, 3.6, 3.64]"
858,[2.75]
860,"[3.38, 3.48]"
862,"[3.67, 3.71, 3.88, 3.14, 3.7, 3.94, 3.25, 3.37, 3.54, 3.2, 2.81, 3.0]"
863,[3.0]
865,[0]
866,"[2.5, 2.75, 2.35, 2.88, 2.13, 2.25, 2.75, 2.88, 2.17]"
867,"[0, 0, 0, 0]"
869,"[3.33, 3.73, 3.89, 3.67, 3.96, 3.84, 3.83, 3.71]"
870,"[2.46, 2.38]"
871,"[2.25, 2.38, 2.66, 2.83, 2.35, 2.37, 2.69, 2.29, 2.82, 3.0]"
872,[0]
873,"[3.17, 3.77, 3.86, 3.21]"
874,[0]
875,"[3.33, 2.25, 2.29, 2.84, 2.81, 3.08, 2.95, 2.95, 2.45, 2.81, 3.04, 3.16]"
876,"[2.58, 2.43, 2.38, 2.25, 2.59, 2.39, 2.19, 3.25, 2.13, 2.0, 3.48]"
879,"[3.33, 3.5]"
884,[3.0]
885,"[0, 0]"
886,"[3.17, 3.08, 2.91]"
887,"[2.0, 2.29, 2.25, 0]"
888,"[2.67, 2.56, 3.06, 3.21, 0]"
890,"[3.33, 3.44, 2.81]"
891,"[2.25, 2.68, 2.89, 2.25, 2.0, 2.38, 0, 2.13, 2.0, 2.25, 2.61, 2.81, 2.11, 2.44]"
892,"[2.0, 2.36, 2.5, 0, 2.13, 0, 2.0]"
895,"[2.63, 3.5, 3.88, 3.85, 2.94, 3.06, 3.0, 3.19, 2.38, 2.56, 3.0, 3.0]"
897,[2.25]
898,"[3.25, 3.5, 3.6]"
899,"[3.0, 3.13, 2.61, 3.2, 3.06, 2.81, 3.17, 2.92]"
900,"[2.75, 2.63, 2.55, 2.84, 2.23, 2.63, 2.5, 2.56]"
901,"[2.33, 2.0, 0]"
902,[0]
903,"[3.13, 2.58, 2.57, 2.34, 2.77, 2.36, 2.94, 2.75, 2.78, 3.27, 3.21]"
905,[3.25]
907,[0]
908,"[2.98, 2.63, 3.6, 2.97, 3.55, 3.52, 3.05, 2.95, 3.19, 3.33, 3.75]"
909,"[3.63, 3.5, 3.7, 3.88, 3.8, 3.4, 3.9, 3.75, 3.85, 3.15]"
910,"[3.67, 3.06, 3.86, 3.36, 3.27, 3.37, 3.02, 3.02, 3.29, 3.73, 3.65, 2.86]"
912,"[3.0, 0]"
913,"[3.0, 0, 3.75]"
914,"[2.83, 2.75]"
915,"[0, 0, 0, 0]"
917,[0]
919,"[3.58, 3.6, 3.95, 3.65, 3.75, 3.3, 3.48, 3.77, 3.33, 3.71, 3.14, 3.25, 3.75]"
920,"[3.67, 3.48, 3.79, 3.16]"
921,"[3.83, 3.5]"
923,"[3.0, 2.81, 2.0, 0, 2.75, 2.69, 2.13, 2.5, 3.44, 2.5, 2.75, 2.56, 2.5, 2.45, 2.42, 2.25, 2.42, 2.25, 3.13]"
925,"[3.58, 3.12, 3.48, 2.71, 2.63, 2.64, 2.77, 2.94, 2.57, 2.85, 2.93, 3.07]"
926,"[2.67, 3.33, 2.73, 2.75]"
927,"[2.25, 2.75, 3.17, 2.94, 3.25, 2.77]"
928,"[4.0, 3.89, 4.0, 4.0, 4.0, 3.95]"
929,"[3.33, 3.15, 3.77]"
931,[2.38]
932,"[2.5, 3.2, 3.4, 2.88]"
933,"[2.0, 3.25]"
934,"[2.25, 3.31, 3.19]"
936,"[2.38, 2.25, 2.75, 2.13, 2.7, 2.3, 2.0, 0]"
939,"[3.08, 3.08, 3.83, 3.94, 3.82, 3.55]"
942,"[3.0, 3.25]"
943,"[2.25, 3.75]"
945,"[2.67, 2.92, 3.07, 2.85, 2.83, 2.54]"
946,[2.63]
947,[3.83]
948,"[3.33, 2.89, 2.58, 2.66, 2.98, 2.87, 2.48, 2.41, 2.84, 3.0, 2.88, 3.22, 2.61, 3.75]"
949,[2.75]
950,"[3.5, 3.42, 4.0, 3.82, 3.93, 3.82, 3.94, 3.85]"
952,"[0, 0, 0, 0]"
956,"[2.63, 2.77, 2.5, 2.65, 2.59, 2.6, 0, 2.44]"
957,"[2.17, 2.55, 2.81, 2.54, 2.25, 2.25, 2.25, 2.33, 2.5, 2.65, 2.48, 2.75, 0]"
960,"[2.75, 3.17, 2.75, 3.0, 2.75, 2.25, 2.5]"
964,[0]
965,"[2.75, 2.92, 2.7, 3.0, 2.63]"
966,"[2.5, 2.2, 2.75]"
967,"[2.25, 2.44, 2.57, 2.75, 2.95, 2.33, 2.5, 2.19, 2.44, 2.55]"
968,"[3.25, 0, 0, 0, 2.0, 2.75]"
969,"[3.5, 3.08, 0, 3.73, 3.69, 3.69, 3.5, 3.63]"
970,"[2.5, 2.25, 3.25, 2.0]"
971,"[2.75, 2.96, 3.65, 3.45, 2.9, 3.12, 2.46, 2.91, 2.73, 2.68, 3.45, 4.0, 3.94]"
972,"[3.58, 3.25]"
974,"[3.92, 2.77, 3.04, 3.43, 2.5, 2.41, 2.66, 3.05, 3.3, 3.04, 2.98, 2.47, 2.83]"
975,[2.58]
976,[0]
978,[2.75]
980,"[3.25, 3.06, 2.95]"
981,"[2.77, 2.13, 3.14, 2.5, 2.39, 2.82, 0, 2.36, 2.0, 2.2, 2.0, 2.25, 2.63, 2.17, 2.21, 2.25, 2.67, 2.2, 0]"
982,"[3.25, 2.75, 2.25]"
983,"[3.25, 2.54]"
984,"[2.75, 2.68, 3.08, 2.5, 2.68, 2.87, 2.98]"
985,"[2.0, 3.33, 3.13, 2.7, 2.52, 2.5]"
987,"[2.75, 3.09, 3.31, 2.66]"
988,[3.02]
989,[2.13]
990,"[3.5, 2.85, 3.43, 3.36, 2.75, 2.73, 2.45, 2.45, 2.8, 2.5, 2.83, 3.0, 2.75]"
992,"[3.67, 3.77, 3.7, 2.21]"
995,"[2.58, 2.79, 2.58, 2.5, 2.25]"
997,[3.04]
998,"[3.0, 2.17, 3.42, 2.95, 3.75, 2.88, 3.19, 3.0, 2.8, 2.85, 2.85, 2.48, 2.67, 3.33]"
1001,[2.25]
1005,"[3.58, 3.27, 3.6]"
1009,"[2.13, 2.0, 2.22, 0]"
1010,"[3.75, 3.19]"
1011,"[2.42, 2.5, 2.38, 2.84, 2.75, 3.25, 2.94, 2.41, 3.14, 2.89, 2.79, 3.0, 2.54, 2.92, 3.75]"
1013,"[3.92, 3.52, 3.87, 3.38, 3.92, 3.94, 3.95]"
1014,"[3.42, 3.06, 3.71, 3.39]"
1018,"[2.0, 2.38, 2.0, 0]"
1019,"[2.75, 4.0, 0, 2.25, 3.1, 3.31, 3.45, 4.0, 3.1, 0, 0, 0, 3.5, 2.33, 0]"
1021,"[3.67, 3.88, 4.0, 3.89]"
1022,[0]
1024,"[2.08, 2.63, 2.86, 2.64, 2.66, 2.7, 3.04, 2.8, 2.69, 2.97]"
1027,"[4.0, 3.88, 3.88, 4.0, 3.44, 3.31, 3.55, 3.56, 3.88, 3.81, 3.44, 3.75, 4.0]"
1031,"[0, 0, 0]"
1032,"[2.33, 2.17, 2.96, 2.95, 2.98, 2.61, 2.58, 2.88, 2.8, 2.98]"
1034,[4.0]
1035,"[3.58, 3.06, 2.8, 2.95, 2.52, 3.07, 3.1, 2.38, 3.4, 2.84, 3.1, 3.0, 3.25]"
1036,"[2.67, 2.5, 3.03, 2.69, 2.7, 2.13, 2.43, 2.92, 0, 0, 2.17, 0]"
1037,[0]
1039,"[2.0, 2.85, 2.61, 2.45, 2.94, 2.25, 2.0, 2.1]"
1040,"[3.0, 2.75, 3.13, 2.5]"
1041,"[2.67, 2.96, 3.14, 2.96]"
1043,"[3.58, 3.38]"
1044,"[2.92, 2.5, 2.73]"
1047,[2.5]
1049,"[3.0, 2.88, 3.17, 2.52, 2.54, 2.2, 2.4, 2.54, 2.62, 2.32, 2.39, 2.43, 2.0, 2.58, 3.25]"
1050,"[3.25, 2.75, 3.52, 3.02, 3.04, 3.25, 3.07, 2.68, 2.44, 2.02, 2.58, 2.38]"
1051,"[3.67, 0, 3.19, 3.43, 2.85, 2.85]"
1052,"[2.33, 2.48, 2.13, 2.0, 2.06, 2.13, 2.17, 2.22, 2.17, 2.44, 2.38, 3.25, 3.04]"
1053,"[3.33, 3.54, 3.46, 3.52, 3.43, 3.12, 3.34]"
1055,[2.25]
1057,"[2.75, 0, 2.5, 2.13, 2.0, 0, 0, 0, 0]"
1058,[0]
1061,"[2.5, 3.17]"
1063,[2.5]
1064,"[2.42, 3.65, 3.3]"
1066,"[3.25, 3.48, 3.08, 3.0, 3.29, 3.79]"
1067,"[2.5, 2.5]"
1068,"[3.75, 3.73, 3.84, 3.6]"
1070,"[3.58, 3.71, 4.0, 3.69, 4.0, 3.86, 4.0, 3.88]"
1075,[0]
1076,"[2.5, 3.08]"
1079,[0]
1080,"[3.33, 2.93, 2.5, 2.5, 3.36, 2.5, 0, 0, 0]"
1081,"[3.08, 3.4, 3.75, 3.82, 3.5, 3.05, 3.56]"
1083,"[3.5, 3.6, 3.57, 3.25, 3.48, 3.84]"
1084,[2.5]
1085,[0]
1086,"[3.75, 3.69, 3.38, 4.0, 3.44, 3.13, 2.88, 3.33, 3.25, 2.6, 2.63, 3.31]"
1087,"[3.75, 2.83, 2.88]"
1088,"[3.69, 3.22, 2.56, 2.67, 2.78, 3.91, 3.69, 3.85, 3.08]"
1089,"[3.0, 3.0, 2.75, 3.0, 0, 2.5, 2.25]"
1090,"[2.83, 2.43, 2.71, 3.2, 2.89, 2.54, 2.44, 3.13, 2.53, 2.88, 2.8, 3.17, 2.96, 3.0]"
1093,"[3.33, 3.29, 4.0, 2.25]"
1094,"[2.25, 2.0, 2.31, 0, 0]"
1095,"[2.92, 2.48, 2.8, 2.8]"
1097,"[3.58, 3.08, 3.39, 3.25, 3.43, 3.39, 3.48, 3.05, 2.52, 3.32, 2.52]"
1098,"[3.08, 2.96, 3.08, 2.91, 2.88, 2.81, 3.3]"
1101,"[3.83, 3.73, 3.68, 3.57]"
1102,"[2.92, 3.2, 2.83, 3.34, 3.57, 3.05, 2.84, 3.31, 2.9, 2.4, 3.23, 3.33, 3.06, 4.0]"
1104,"[3.25, 3.15, 3.0, 2.46, 2.75, 0, 0, 2.75, 2.79, 2.31, 2.15, 0, 0, 2.13, 0, 2.0]"
1105,"[2.83, 2.92, 3.31, 3.15, 3.0, 2.43, 2.23, 2.5, 3.27, 3.13]"
1106,"[2.25, 2.27, 2.89, 3.09, 2.58, 2.5, 3.43, 2.61]"
1107,"[2.5, 3.21, 3.63, 3.38, 2.75, 3.25, 3.34, 3.02]"
1108,[2.17]
1112,"[3.17, 3.58, 3.21, 2.63]"
1115,"[0, 0]"
1116,"[2.5, 2.65, 2.72, 2.42, 0, 2.5, 2.42, 2.54, 0, 2.0, 0, 0]"
1117,[3.5]
1119,"[3.42, 3.44, 3.27, 3.13]"
1120,"[2.75, 0, 2.25, 0]"
1121,"[3.44, 3.27, 3.83, 3.68, 3.43, 3.41, 3.46, 3.3, 3.61, 3.14, 3.0, 2.79]"
1124,"[3.08, 3.0, 3.5, 2.69, 2.11]"
1127,"[3.56, 2.75, 3.35, 3.0, 2.73, 3.03, 2.48, 2.75, 2.38, 3.19, 3.5]"
1129,"[3.25, 0, 0]"
1131,"[3.83, 3.46, 4.0, 4.0, 4.0, 3.79]"
1132,"[2.42, 2.88, 3.0, 3.02, 2.73, 2.25, 3.11, 2.95, 2.8, 2.3]"
1133,[0]
1135,[4.0]
1137,[2.25]
1138,"[3.33, 3.23, 3.32, 3.45, 3.4, 3.5, 3.55, 3.19, 3.25, 2.83]"
1140,"[2.58, 2.67, 2.11, 2.25, 2.42]"
1143,"[3.92, 3.71]"
1145,"[2.63, 0, 0, 0]"
1148,"[2.38, 2.67, 2.92]"
1149,"[0, 0, 0]"
1150,"[2.94, 2.75, 3.27, 2.95, 2.73, 2.42, 2.97, 2.68, 2.77]"
1151,"[3.0, 3.38]"
1152,"[2.25, 2.69, 2.55, 3.02, 2.86, 3.25, 2.56, 0]"
1155,"[2.25, 2.44, 2.4, 2.5]"
1158,[2.63]
1160,"[2.38, 2.35, 2.81, 3.38, 2.58, 2.69, 2.39, 3.2]"
1162,"[2.88, 2.73, 3.15, 2.86, 2.5, 2.75, 2.46]"
1163,[2.67]
1165,[2.0]
1167,"[3.17, 0]"
1168,[2.75]
1169,[0]
1171,"[2.25, 0, 2.06, 2.63, 2.25, 3.25, 2.13, 2.44, 2.55, 2.13, 2.38, 2.3, 2.65, 3.75, 2.88]"
1173,"[3.0, 3.17, 3.55, 2.91]"
1174,"[3.63, 3.08]"
1175,"[0, 2.13]"
1176,"[3.67, 3.0, 3.0, 2.96, 3.34, 3.13, 2.57, 2.58, 2.66, 3.34, 3.09, 2.38, 3.25]"
1177,"[3.08, 2.9, 2.77]"
1179,"[3.08, 3.31, 2.94, 3.02, 3.02, 2.82, 3.03]"
1185,[2.13]
1186,"[2.25, 2.5, 2.92, 2.15, 2.58, 2.5, 2.32]"
1191,"[3.0, 2.88, 3.52, 2.83, 2.61, 3.14]"
1192,"[2.25, 2.88]"
1193,"[3.5, 3.93, 4.0, 4.0, 3.95, 4.0]"
1195,"[2.38, 2.38, 2.58, 2.19, 2.75, 2.38, 2.63, 2.25, 2.35, 0]"
1196,"[3.5, 3.58, 3.25, 3.75, 3.79, 3.21, 3.63, 3.57, 3.58]"
1197,"[3.0, 3.0, 2.46, 2.0, 3.16, 0, 3.14, 3.4, 0]"
1198,"[3.75, 3.9, 4.0, 3.73, 3.87, 3.71, 3.6, 3.29, 3.79, 3.3, 3.02, 3.64]"
1200,"[3.5, 3.02, 3.75, 3.55, 3.69, 3.59, 3.5]"
1201,"[2.83, 3.02, 3.17, 2.39, 3.09, 3.13, 2.25, 2.19, 0]"
1202,[0]
1203,"[2.33, 3.17, 2.5, 2.61, 2.77, 2.68]"
1206,"[3.08, 3.48, 2.64, 2.82, 3.17, 2.92, 2.96, 2.77]"
1207,"[3.25, 3.18, 3.58, 2.73, 3.04, 3.21]"
1208,[0]
1210,[2.75]
1212,"[0, 2.88, 2.0, 2.68, 2.0, 2.71, 2.25, 2.25, 0, 0, 0]"
1214,[2.25]
1215,[2.38]
1216,"[0, 2.67, 2.5, 0, 0, 3.13, 2.58, 2.86, 0, 2.92, 4.0, 3.17]"
1220,[3.38]
1221,"[3.25, 3.04, 3.12, 2.75, 2.75, 2.38, 2.2]"
1222,[0]
1223,"[0, 0, 0, 2.38, 0]"
1225,[2.0]
1229,[2.75]
1231,[2.25]
1232,"[2.63, 2.67, 2.47, 2.13, 2.0, 2.0]"
1236,"[3.92, 3.52, 3.82, 3.93, 3.59, 3.82, 3.92, 3.47, 3.7, 3.08, 2.75]"
1237,"[2.25, 2.83, 2.77, 3.35]"
1238,[2.92]
1242,"[3.67, 3.36, 3.94, 4.0, 3.72, 3.44]"
1244,"[2.75, 0, 2.5, 0, 2.5, 0]"
1245,"[3.81, 3.54, 3.65, 3.65, 3.67, 3.65, 3.65, 3.65, 2.81]"
1248,"[3.5, 2.96, 3.57, 0]"
1249,"[3.5, 3.4, 3.41, 3.88, 3.71, 3.38, 3.1, 2.8, 3.23, 2.98, 3.0, 3.11, 3.25]"
1250,"[2.5, 2.75, 2.63, 2.25]"
1251,[0]
1252,"[2.63, 4.0, 2.38]"
1256,"[3.0, 3.0, 2.84, 3.44, 3.0, 2.75, 3.16, 2.3, 2.48, 3.0, 2.25, 3.75]"
1257,"[2.17, 2.6, 0, 2.25, 2.63, 0, 2.25, 0, 0, 0, 0]"
1258,"[2.25, 2.0]"
1259,"[2.38, 2.83, 2.52]"
1261,"[2.75, 2.69, 3.0, 3.25, 2.75, 2.85, 2.17]"
1262,"[2.5, 2.67, 2.54, 2.93, 2.68, 2.65, 2.59, 2.75, 2.57, 2.48, 3.15, 3.27, 3.0]"
1263,"[0, 3.17]"
1264,"[3.33, 2.95, 3.65, 3.57, 2.77, 3.13]"
1265,"[3.13, 3.14, 2.82, 2.0, 2.58, 2.88, 2.95, 3.22, 2.96]"
1267,"[3.67, 3.83, 3.79, 3.5, 3.67, 2.85]"
1268,"[3.75, 3.25]"
1269,"[3.17, 2.25, 3.63, 3.86, 3.68, 3.88, 3.66, 3.54, 3.55, 3.42, 3.48, 3.41]"
1270,[0]
1271,"[2.63, 4.0, 3.13]"
1274,"[2.58, 3.25]"
1279,[2.5]
1280,"[3.13, 2.95, 2.88, 2.84, 3.09, 2.71, 2.72, 2.88, 2.28, 2.55, 2.46]"
1281,"[2.5, 2.58, 3.02, 2.75, 2.47, 2.42, 2.25, 2.17]"
1283,"[2.67, 2.73, 2.45, 3.05, 2.52, 0, 2.38, 3.14, 2.7, 3.13, 3.5]"
1287,[3.58]
1288,"[2.88, 3.0, 3.02, 2.75, 2.38, 3.06, 2.63, 3.04, 3.28, 2.93, 2.3, 2.15, 3.11]"
1289,[0]
1290,"[3.75, 3.25, 2.94]"
1292,[2.42]
1294,"[3.08, 2.94, 2.6, 2.45, 2.64]"
1295,"[2.58, 3.27, 2.39, 2.73, 2.75, 2.75, 2.5, 2.19, 2.82, 3.07, 2.9]"
1296,"[3.83, 3.52, 3.48, 3.64]"
1297,"[2.5, 2.73, 2.82, 2.13, 2.25, 2.0, 2.75, 2.83, 2.83, 2.0, 2.88, 2.79, 2.79]"
1298,"[3.58, 3.52, 3.94, 3.62, 3.5, 3.29, 3.86]"
1299,"[2.83, 2.63, 3.11, 0]"
1300,[0]
1303,[2.75]
1304,"[2.92, 3.68, 3.88, 3.7, 3.73, 3.88]"
1307,"[3.5, 3.87, 3.38, 2.86]"
1309,[3.17]
1310,[4.0]
1311,"[2.0, 2.5, 2.45, 2.0]"
1312,[2.38]
1313,[2.5]
1314,[0]
1316,"[2.67, 3.55, 3.71, 3.84, 3.63, 3.5]"
1318,"[3.63, 3.42, 3.87, 3.77, 3.38, 3.2, 3.21, 3.43, 2.92]"
1319,[2.67]
1324,[2.9]
1325,"[2.0, 2.8, 3.37, 3.25, 2.84, 2.57]"
1327,"[3.25, 3.37, 3.36, 3.08]"
1328,"[3.42, 2.92, 3.67]"
1330,[2.83]
1331,"[2.67, 3.19, 3.2, 3.65, 3.7, 3.54]"
1332,[0]
1333,"[2.42, 2.18, 2.56, 2.45, 2.45, 0, 2.0]"
1336,"[3.65, 3.94, 3.77, 3.95, 3.48, 3.89, 3.95, 3.77, 3.71, 2.98, 3.55, 3.94]"
1337,[3.42]
1338,"[3.0, 2.56, 3.42, 3.13, 3.1, 3.0]"
1340,[0]
1341,[0]
1344,"[3.0, 4.0, 2.75]"
1346,[0]
1347,[3.42]
1348,[4.0]
1349,"[3.67, 3.88, 4.0, 4.0, 3.84, 3.71, 3.8, 3.18, 3.08, 2.81, 3.04, 3.13, 3.0]"
1350,"[2.33, 2.31, 2.59, 2.42, 2.25]"
1351,[3.5]
1352,"[2.33, 2.75, 2.25]"
1353,"[3.08, 3.06, 3.14, 3.41, 3.02, 2.88, 2.88, 3.17, 3.57, 3.07, 2.98, 3.75]"
1354,"[2.67, 3.11, 3.14, 2.5, 2.25, 0, 0, 0, 2.25, 0, 2.25, 0]"
1356,"[3.58, 3.1, 3.11, 2.71, 2.38, 2.89, 2.88, 3.28, 3.23, 3.23, 2.56, 2.73, 2.0]"
1358,"[3.19, 3.2, 3.2]"
1359,"[3.25, 2.94, 3.36, 3.12, 2.96, 3.42, 3.58, 3.58, 3.0, 2.82]"
1360,"[3.58, 3.63, 3.71]"
1363,"[3.13, 0]"
1364,"[3.33, 3.38, 3.73, 3.44]"
1366,"[2.92, 2.55, 2.95, 2.41, 2.3, 2.64, 2.43, 2.55, 2.64, 2.63, 2.83, 2.85, 2.44]"
1367,"[3.38, 3.56, 3.33, 3.77, 3.86, 3.23, 3.16]"
1368,"[2.67, 2.71, 2.6, 2.67, 2.42, 2.13, 3.29, 2.68, 2.66, 2.57, 2.45, 2.25]"
1370,"[3.83, 3.85]"
1371,"[3.17, 3.02, 3.43, 3.02, 3.02, 2.73, 2.29, 2.34, 2.45, 2.35, 2.58, 3.02]"
1373,"[2.67, 3.37, 4.0, 4.0, 3.73, 3.54, 3.45]"
1375,"[2.0, 0]"
1376,"[2.83, 3.02, 2.91, 2.75, 2.5, 2.75, 2.13, 2.3]"
1379,"[3.17, 3.73, 4.0, 3.5, 3.79, 3.91, 3.66, 3.88]"
1380,"[0, 2.0]"
1381,[3.58]
1382,"[2.5, 0, 2.81, 2.48, 2.25, 2.0, 3.08, 3.23, 3.57]"
1384,"[3.58, 3.29, 3.64, 2.88, 2.68, 2.98, 2.71, 0, 2.44, 0]"
1385,"[3.33, 3.04, 2.98, 3.27, 3.2, 3.31, 3.29, 3.56, 2.83, 3.48, 3.73, 3.75]"
1386,"[0, 0]"
1387,"[3.63, 3.02, 3.52]"
1390,"[2.58, 3.1, 3.4]"
1391,[3.25]
1395,"[3.5, 2.67, 3.67, 3.33, 3.02, 3.25]"
1400,"[3.38, 3.06, 3.0, 2.9, 2.29]"
1401,"[2.92, 2.73, 2.4, 3.63, 2.48, 2.58, 2.4, 2.8, 3.37, 2.66, 3.1, 3.02]"
1405,"[3.25, 3.43, 3.04, 3.04, 2.86, 2.91, 2.37, 2.16, 2.34]"
1406,[0]
1407,"[2.33, 3.0]"
1409,"[2.25, 2.75]"
1410,"[3.08, 3.44, 3.63, 3.3]"
1411,"[2.25, 0, 0]"
1413,"[4.0, 3.44, 3.87, 3.73, 3.94, 4.0, 3.85]"
1415,"[0, 0]"
1416,[0]
1419,"[2.63, 2.93, 0]"
1422,"[3.58, 3.25]"
1423,"[2.0, 2.63, 0, 0]"
1424,[0]
1425,"[2.81, 2.94, 0, 3.15, 2.67, 2.88, 2.38, 3.0]"
1428,"[3.04, 2.54, 3.25, 2.78, 2.67, 2.66, 3.13, 3.17, 2.63, 3.52, 3.1, 3.19, 2.5]"
1429,"[2.75, 3.37, 3.45, 3.5]"
1430,"[3.58, 0]"
1431,"[2.25, 0]"
1433,[0]
1435,"[3.0, 2.75, 2.5, 3.54, 3.08, 2.12, 2.38, 3.0, 2.36, 2.45, 2.87, 2.69, 2.65, 3.25]"
1436,"[3.69, 3.45, 3.17, 2.47, 2.0, 3.29, 2.43, 3.75, 2.65, 2.25]"
1437,[0]
1438,"[3.92, 3.2, 3.56]"
1440,"[3.92, 3.42, 2.94]"
1441,[2.58]
1443,"[3.08, 3.48, 3.48, 3.75, 3.32, 3.35, 3.21, 2.95, 3.54, 2.98, 3.32, 3.75]"
1444,"[2.17, 2.54, 2.25]"
1445,"[3.17, 2.5, 2.54, 0, 0, 0, 0]"
1446,"[3.0, 3.13, 3.09, 3.09, 3.3, 2.48, 2.73, 3.94, 2.53, 2.79, 2.84]"
1447,"[3.0, 2.75, 3.21, 2.95, 3.48, 3.1, 2.71, 2.5, 3.52, 3.2, 3.43, 3.27]"
1448,[0]
1449,"[2.25, 2.13, 0]"
1451,"[2.58, 2.92, 2.58]"
1454,"[3.33, 2.95]"
1455,"[2.83, 3.25, 2.95, 3.19, 2.33, 3.88, 2.58]"
1456,"[2.08, 2.08, 3.13, 0]"
1457,"[3.5, 3.62, 3.52, 3.46, 3.31, 2.56, 3.55]"
1459,"[2.42, 2.32, 2.25, 2.36, 2.25, 0, 0]"
1463,"[2.88, 3.13, 2.75, 2.59, 2.71, 2.52, 2.52, 2.79, 2.9, 2.88, 2.75, 2.22, 2.79]"
1464,[3.83]
1466,"[4.0, 3.88, 4.0, 3.95]"
1467,"[2.17, 3.35, 3.39, 2.66]"
1469,[0]
1471,"[2.58, 2.63, 2.6, 2.68, 2.43, 2.52]"
1474,"[2.81, 2.96, 2.38, 3.0, 2.0, 2.19, 2.5]"
1477,"[2.25, 2.46, 2.13]"
1478,[0]
1479,[0]
1482,"[3.0, 3.25, 3.48, 3.57, 3.05, 2.84, 3.55]"
1485,"[3.17, 2.46, 3.42, 3.33, 2.69, 3.77]"
1488,[3.25]
1489,"[2.96, 3.83, 3.54, 3.34, 2.73, 2.67, 2.64, 2.8, 3.33, 3.43, 2.29, 3.25, 3.13, 3.75]"
1490,"[0, 2.58, 3.5]"
1494,"[3.13, 3.0, 3.02, 3.5, 3.48, 3.19, 3.46, 2.83]"
1495,"[2.63, 2.94, 2.67, 3.65, 2.94, 3.44, 3.5, 3.56, 3.81, 3.5, 3.44, 3.0, 3.25]"
1498,[0]
1499,[0]
1501,"[3.38, 3.0, 3.31, 3.23, 3.31, 2.73, 2.92, 2.34, 3.06]"
1502,"[3.0, 2.77, 3.17, 3.0, 2.64, 2.69, 2.83]"
1505,[3.92]
1506,"[2.63, 2.88, 3.0, 3.38, 3.23, 0]"
1509,[2.17]
1510,"[2.5, 2.45, 2.0]"
1511,"[3.33, 2.75, 2.17, 2.41, 2.81, 2.5, 2.65, 2.92, 2.27, 2.43, 2.29, 2.34, 2.35, 2.44, 2.75]"
1513,"[2.17, 2.2, 2.72, 2.67, 2.23, 2.4, 2.13, 2.75]"
1514,[2.5]
1515,[2.0]
1516,[2.58]
1518,"[3.58, 2.69, 2.8, 3.95, 3.58, 3.13, 3.16, 0]"
1519,[3.25]
1520,"[3.17, 3.15, 3.41, 2.7]"
1521,"[3.0, 3.07, 4.0, 2.38, 2.53, 2.0, 2.42, 2.5, 2.18, 2.56]"
1522,"[3.5, 3.44, 4.0, 3.68, 3.68, 3.44]"
1523,[2.58]
1529,"[0, 2.5, 2.5, 2.58, 2.7, 2.33, 2.54, 2.13]"
1530,[2.38]
1533,"[2.75, 2.68, 2.44, 2.78, 2.31, 2.8, 2.75, 3.15, 2.81, 3.38, 3.38, 3.1, 3.44]"
1534,"[3.25, 3.4, 3.48, 3.21]"
1537,"[3.63, 3.41, 3.31, 3.3, 3.67, 3.3, 3.34, 3.23, 2.95]"
1539,[0]
1540,"[2.38, 2.94, 2.69, 3.7, 2.63, 2.94, 2.88, 2.63, 3.0, 2.42, 2.56, 2.9, 3.25]"
1541,"[2.75, 2.73, 2.25, 2.25, 2.31, 2.41, 2.22, 2.38, 0, 2.08, 2.0]"
1543,[2.0]
1544,"[3.92, 3.42, 3.95, 3.79, 3.56, 3.68, 3.29, 3.33, 2.95, 3.65, 3.65, 3.75]"
1546,"[2.25, 2.67, 0, 0]"
1547,"[3.67, 3.92, 3.73, 3.65, 0, 3.83, 3.13]"
1548,"[4.0, 3.77, 3.83, 3.6, 3.52, 3.83, 3.77, 3.54, 3.5]"
1549,"[3.5, 3.54]"
1550,[2.56]
1552,"[2.33, 2.32, 2.64, 3.25, 2.81, 2.25, 2.33, 2.25, 2.6, 3.32, 2.65, 2.87]"
1553,[2.58]
1555,"[2.38, 3.27, 3.5, 2.68, 2.71, 3.17]"
1556,"[3.5, 2.94, 3.71, 3.71, 3.52, 3.18, 3.41]"
1559,[0]
1560,"[2.29, 0]"
1561,"[3.75, 3.52, 0, 0]"
1562,"[2.5, 3.13, 3.02, 3.0, 3.02, 3.07, 2.52, 3.02, 3.63, 3.25, 2.86, 3.4]"
1563,[2.33]
1565,"[0, 2.0, 0, 0]"
1567,"[2.17, 2.88, 2.42, 2.79]"
1570,[0]
1571,"[2.75, 3.54, 3.82, 3.58, 3.0, 3.35, 2.68, 3.3, 3.16, 3.13, 3.64, 3.25, 3.25]"
1574,"[2.25, 2.48, 2.62, 2.75, 2.39, 2.42, 2.38]"
1575,"[3.42, 3.13, 3.15, 2.8, 2.63, 2.58, 3.32, 2.58, 2.83, 2.86, 2.82, 2.56, 2.81, 2.0, 3.25]"
1580,[0]
1581,"[3.69, 3.68, 3.13, 3.06, 2.88, 3.27, 2.35, 2.92, 3.4]"
1582,"[2.88, 2.73, 2.75, 3.39, 2.85, 2.92, 3.11, 2.5, 2.75, 3.35, 2.39, 2.88, 2.88, 2.22, 2.81, 3.0, 3.38]"
1583,[0]
1584,"[3.42, 3.54, 3.66, 3.33, 3.9, 3.8, 4.0, 3.55]"
1587,"[3.42, 2.67, 2.63, 2.59, 2.55, 2.83, 2.86, 2.78, 2.88, 2.59, 2.96, 2.92, 3.75]"
1588,"[3.17, 3.75, 4.0, 3.85, 3.45]"
1589,"[2.33, 3.04, 2.77, 2.52, 3.11, 3.16, 3.18, 2.82]"
1592,[3.17]
1594,"[2.67, 2.8, 2.98]"
1596,"[2.83, 3.08, 2.82, 2.84, 2.52, 3.02, 3.03, 2.48, 3.13, 2.77, 3.15, 2.88]"
1597,"[2.83, 2.21, 2.9, 2.75, 2.98, 2.42, 2.25, 2.77, 2.29, 3.11, 2.0]"
1598,"[3.67, 2.77, 3.11, 3.37, 3.17, 3.59, 3.45, 3.12, 3.38, 3.16]"
1601,"[2.87, 2.95, 3.25, 3.17, 3.11, 3.0, 2.75, 2.45, 2.91, 2.69, 2.63, 3.0, 3.29, 2.5]"
1603,"[2.38, 3.42]"
1604,"[3.5, 3.52, 3.63, 3.8, 3.88, 3.69, 3.42]"
1607,"[2.25, 2.75, 3.75, 2.5]"
1608,[2.42]
1611,[0]
1612,"[3.17, 2.1, 2.81, 3.35, 2.5, 2.5, 2.38]"
1613,"[3.71, 3.7, 4.0, 3.73, 3.61, 3.58, 3.84, 3.85, 3.75, 3.52, 3.68, 3.88, 3.75]"
1615,"[3.0, 2.62, 2.5, 2.31, 2.38]"
1616,"[3.48, 3.5, 3.83, 3.38, 3.39, 3.48, 3.95, 3.88, 3.58, 3.52, 3.1, 3.88, 3.75]"
1618,[4.0]
1619,[2.13]
1620,[0]
1621,"[2.58, 2.64, 2.65, 2.41, 2.58]"
1625,"[3.0, 3.04, 3.48, 2.9, 2.82, 2.63]"
1627,"[3.83, 3.27, 2.58, 2.58, 2.82]"
1628,"[2.63, 3.25, 2.79, 2.5, 2.0, 2.25, 2.5, 2.38]"
1631,[0]
1634,"[2.75, 2.88, 2.55, 2.44, 2.77, 3.19, 2.69, 2.39]"
1635,"[4.0, 3.88, 4.0]"
1636,"[3.92, 3.19, 3.64, 3.34, 2.64]"
1639,"[3.25, 2.54, 3.63]"
1641,[0]
1642,"[2.92, 3.56, 3.68, 3.55, 3.55, 3.12, 3.04, 3.65, 2.48]"
1644,"[3.31, 2.8, 2.75, 2.77, 2.83, 3.0]"
1646,[0]
1648,"[2.42, 2.62, 2.79, 2.64, 2.52, 2.67, 2.78, 2.52, 2.62, 2.9]"
1649,"[2.75, 2.52, 2.83, 2.75]"
1650,"[2.58, 2.75, 2.5]"
1652,"[3.44, 3.13, 3.54, 3.13, 2.75, 2.79, 3.15, 2.75, 2.69]"
1653,[0]
1654,[3.25]
1655,[0]
1656,[3.17]
1658,[2.5]
1660,[0]
1664,[0]
1665,"[2.67, 2.58, 2.43, 2.39, 2.75, 2.75, 2.88, 2.66, 2.12, 2.78, 2.73, 2.7, 2.75]"
1666,"[3.67, 3.58, 3.71, 3.3]"
1669,"[3.42, 3.18, 3.7, 3.85, 3.46, 4.0]"
1670,"[3.42, 3.19, 3.43, 3.25, 3.25, 2.95]"
1672,"[0, 2.63, 0]"
1674,"[3.92, 3.37, 3.89, 3.23, 3.88, 3.48, 3.72]"
1675,[3.5]
1676,[0]
1677,"[2.0, 2.75, 2.4, 3.02, 3.5, 3.32, 2.71, 2.13]"
1681,"[2.17, 2.75, 2.94, 2.34]"
1683,"[3.25, 2.88, 3.7, 3.88, 3.66, 3.18, 3.09]"
1684,"[3.0, 2.25, 2.9]"
1686,"[3.5, 3.73, 3.83, 3.82, 3.7, 3.38, 3.69]"
1688,[2.58]
1689,[0]
1690,"[2.0, 3.13]"
1692,[0]
1693,"[3.25, 3.38, 3.79, 3.21]"
1695,[0]
1696,"[3.17, 3.06, 3.42]"
1697,[0]
1698,"[3.17, 3.17]"
1699,"[3.0, 3.27, 3.7, 3.11, 3.23]"
1701,[2.33]
1703,"[3.33, 3.48, 2.75, 3.06, 3.46, 2.64, 2.78, 2.75, 2.33, 2.5, 2.75, 3.25, 3.25, 2.15, 2.75]"
1704,[2.75]
1705,"[2.69, 3.04, 3.55, 3.36, 3.6, 3.45, 2.75, 3.0, 3.39, 2.73, 3.3, 3.75]"
1706,[2.25]
1707,"[2.25, 2.5, 2.68, 2.75, 2.09]"
1709,"[2.92, 3.13, 3.55, 3.19, 2.54, 2.8, 2.43, 2.56, 2.88, 2.63]"
1710,"[3.58, 3.54, 3.73, 3.77, 3.94, 3.58, 3.49, 3.1, 3.61, 3.08, 3.14, 3.46, 3.75]"
1712,"[4.0, 3.85, 4.0]"
1715,[0]
1717,"[2.5, 2.27, 2.11, 2.25]"
1718,[0]
1720,[0]
1721,"[2.38, 0]"
1723,"[2.33, 2.42, 2.58, 2.54, 2.43, 2.13, 2.25]"
1724,"[3.19, 3.45, 3.21, 3.43, 3.64, 2.88, 3.5, 3.37]"
1728,"[3.13, 2.81, 2.41]"
1731,"[0, 2.0, 2.25]"
1733,[3.0]
1734,[2.5]
1736,"[3.42, 3.52, 3.77, 3.5]"
1737,[0]
1738,"[2.63, 2.65, 2.25, 2.25]"
1739,"[0, 2.75, 2.58, 2.75]"
1742,"[2.33, 3.5, 2.67, 3.25]"
1743,"[2.5, 2.45, 3.29]"
1744,"[2.58, 0, 2.27, 2.84, 2.5, 0]"
1746,[2.75]
1749,"[2.42, 2.64, 2.75, 3.44, 2.63, 3.06]"
1751,"[3.33, 3.23, 3.46, 3.07, 3.45, 3.07, 3.09, 2.4, 3.07, 2.72]"
1752,"[3.13, 2.52, 2.35, 2.38, 2.25, 2.21, 2.6, 2.33, 3.11, 2.63, 2.75, 2.83, 2.5, 3.5]"
1753,"[2.32, 2.5, 3.0, 2.25, 0, 2.25, 2.66, 2.5, 2.25, 2.25, 2.35, 2.46, 2.48, 2.73, 3.23, 2.77]"
1755,[2.5]
1756,"[4.0, 3.77, 3.85]"
1758,"[3.06, 2.75, 3.04, 2.81, 2.5, 0, 0]"
1762,"[2.75, 2.5]"
1763,[0]
1764,"[3.67, 3.6, 3.27, 3.77, 3.45, 3.55, 3.52, 3.2, 2.98, 2.92, 3.5]"
1767,"[2.58, 2.75, 3.78, 3.06]"
1768,"[2.75, 2.87, 3.65, 3.33, 3.89, 3.63, 2.5]"
1770,"[3.75, 3.8, 3.8, 4.0, 4.0, 3.88, 3.83]"
1771,"[2.33, 0, 0]"
1772,"[2.8, 2.3, 2.75, 3.11, 2.25, 2.29, 2.94, 2.34, 2.96, 2.7, 2.75, 2.73, 3.5, 2.75, 3.89]"
1773,"[3.67, 3.83, 3.93, 3.89]"
1774,"[3.08, 2.98, 3.0, 3.21, 3.83, 2.38, 2.66, 2.86, 2.88, 2.8, 2.73, 2.95, 3.33]"
1775,[3.58]
1776,[2.13]
1777,"[2.83, 3.13, 2.9, 2.7, 2.71, 3.13, 3.27, 3.1, 2.77, 2.75, 2.5, 0, 2.71]"
1778,"[0, 0, 2.0, 0, 2.07, 0]"
1781,"[3.0, 3.31, 2.88, 3.5, 3.0, 2.63, 3.56, 3.0, 3.5, 2.94, 3.63, 3.88]"
1782,[3.33]
1784,"[2.88, 3.37, 3.32, 3.3, 3.05, 3.16, 3.38, 2.91, 3.15, 3.08]"
1787,"[3.67, 3.37, 3.54, 3.12]"
1788,"[2.58, 2.92, 3.2]"
1789,"[3.25, 3.52]"
1790,"[3.25, 3.05, 2.75, 2.67, 3.08, 3.2]"
1791,[3.67]
1793,"[3.25, 2.77, 3.0, 3.0, 2.7, 3.38, 2.85, 2.58, 3.02, 2.64]"
1794,"[2.92, 2.85, 3.3, 2.69]"
1797,[2.5]
1798,"[2.75, 2.55, 2.94]"
1802,"[2.88, 0]"
1805,"[2.67, 2.38, 2.92, 2.83, 2.42, 2.93]"
1807,"[2.75, 2.6, 2.06, 2.73, 2.25]"
1810,[3.75]
1813,"[3.38, 3.46, 3.57, 3.63, 3.48, 3.21, 3.04, 3.29, 3.46]"
1815,"[3.67, 3.48, 3.9, 3.5, 3.52, 3.08]"
1816,"[2.08, 2.38, 2.0]"
1817,"[3.0, 2.98, 0]"
1818,"[3.0, 3.17, 2.58, 3.38, 3.17, 2.79, 2.6]"
1821,[3.25]
1822,"[3.38, 3.61]"
1826,[2.5]
1830,"[3.0, 2.6, 2.55]"
1831,"[3.83, 3.27, 3.83, 3.65]"
1832,"[2.5, 0]"
1834,"[2.5, 2.68, 2.83, 2.4, 2.54, 3.2, 2.39, 2.5, 2.69, 2.94, 3.23, 2.57, 2.44]"
1835,[0]
1836,"[0, 0, 2.58, 0, 0, 0]"
1837,"[3.33, 3.04, 3.17, 3.57, 2.58, 3.02, 3.32]"
1838,"[2.63, 2.38, 2.25, 3.5, 2.0]"
1839,"[3.58, 3.6, 3.48, 3.6, 3.89, 3.53, 3.48]"
1842,"[3.83, 3.71, 3.89, 3.73]"
1843,[2.38]
1844,"[2.42, 2.88, 2.71, 2.73, 2.75, 2.35, 2.8, 2.69, 2.86, 2.75, 3.07, 2.58, 4.0]"
1845,"[3.58, 3.88, 3.92]"
1846,"[4.0, 3.81, 3.88, 4.0, 4.0, 4.0, 3.75, 4.0, 3.56, 4.0, 3.88, 2.75, 4.0]"
1848,[0]
1851,"[3.5, 3.88, 3.15]"
1852,"[2.5, 2.25, 2.5, 2.75, 2.52, 2.67]"
1856,[0]
1857,"[3.92, 3.75, 3.35]"
1858,"[3.0, 2.63, 3.02, 3.25, 3.1, 2.56, 3.17]"
1859,"[2.42, 2.57, 2.25, 2.95, 2.5, 0]"
1862,"[2.92, 3.27, 2.96, 2.63]"
1864,"[2.5, 3.33, 3.11, 3.0]"
1867,"[0, 0]"
1868,"[2.5, 2.67, 2.88, 3.11, 3.13, 2.56, 3.15]"
1869,"[2.67, 3.17, 3.18, 2.7, 2.23, 3.38, 2.8]"
1870,"[2.67, 2.52, 2.5, 2.77]"
1871,"[2.25, 2.44, 3.25, 3.25, 2.44, 2.13, 2.5, 3.38, 2.88, 2.93, 2.68, 2.69, 2.56, 2.45]"
1874,"[0, 0, 2.0, 0]"
1875,"[3.42, 3.33, 3.57, 3.61, 3.64, 3.46, 3.19, 3.0, 2.83, 3.19, 3.36, 3.25]"
1876,"[2.63, 2.38, 2.0, 2.75]"
1878,"[3.33, 3.29, 3.48, 2.93]"
1879,"[2.5, 0, 0, 0]"
1880,[3.27]
1881,"[3.13, 3.7, 3.83, 3.84, 2.9, 2.85, 2.63, 3.0, 2.7, 2.39, 3.0, 2.57, 2.82, 3.5]"
1884,"[2.92, 3.33, 3.82, 3.07, 3.59, 3.79, 3.32, 3.3]"
1886,"[3.58, 3.43, 3.0, 3.08, 3.23, 2.58, 3.06, 2.48, 2.88, 2.4, 3.37, 3.34, 3.61, 4.0]"
1889,"[0, 0, 0, 0, 0]"
1894,"[2.75, 3.17, 3.13, 2.58, 2.33, 2.0, 2.48, 2.5, 3.04, 0, 2.8, 2.75, 2.88, 2.88]"
1896,"[2.0, 2.56, 2.67]"
1901,"[2.83, 3.52, 2.67, 0, 3.68, 2.82, 2.69, 3.98, 3.72]"
1902,[0]
1905,[3.33]
1906,"[2.58, 2.88, 2.58, 2.71, 2.42, 2.8, 3.05, 2.48, 2.82, 3.2]"
1908,[0]
1910,[3.13]
1911,"[3.58, 3.37, 3.45, 3.38, 2.65, 2.85, 2.91, 3.0, 2.9, 2.61, 3.3]"
1914,[0]
1916,"[3.58, 3.54, 3.4]"
1920,"[2.75, 2.8, 2.35, 2.46, 2.75, 2.52, 2.57, 2.37, 2.5, 2.29, 2.56, 2.92, 4.0]"
1922,"[2.25, 0]"
1923,"[3.58, 3.02, 3.11, 2.67, 2.75, 3.13, 2.63, 2.65, 3.0, 2.96, 3.29, 2.86]"
1924,[2.58]
1925,"[3.42, 2.77, 3.32, 2.82, 2.81, 2.78, 2.82, 2.96, 2.84, 3.23, 3.23, 3.08, 3.75]"
1926,"[2.0, 3.52, 3.25, 2.42, 0]"
1931,"[3.58, 3.15, 3.35, 3.65, 3.07, 3.27, 3.18]"
1932,"[2.88, 3.0, 2.93, 3.04, 2.93, 2.95, 2.69, 2.32, 2.3, 2.65, 2.77, 3.75]"
1933,"[3.5, 3.31, 3.59, 3.94, 3.71, 3.88, 3.53, 3.8, 3.93, 3.63, 3.78, 4.0]"
1934,[3.0]
1935,"[2.33, 3.21, 3.25, 2.7]"
1936,"[2.88, 3.38, 3.5, 3.3, 2.5, 3.52]"
1937,"[3.67, 4.0, 3.71, 3.17, 3.0]"
1938,"[3.88, 3.71, 3.84, 3.84, 3.75, 3.54, 3.58, 3.85, 3.81]"
1940,"[2.75, 2.89, 3.0, 2.4, 2.72]"
1942,[3.5]
1945,[0]
1946,[3.0]
1948,[3.83]
1950,"[2.83, 2.55, 3.12]"
1951,"[2.75, 3.08, 3.23, 2.64, 2.6, 2.57, 2.64, 2.69, 2.88, 2.42, 2.97, 2.88]"
1952,"[2.75, 2.45, 2.7, 2.57, 2.77, 2.85, 3.5, 3.5]"
1960,"[3.92, 3.63, 3.96, 3.1, 2.63, 3.25, 2.77, 3.48, 2.98, 3.0, 2.56, 3.0]"
1962,[0]
1964,[3.17]
1965,"[2.58, 2.71, 3.0]"
1968,"[3.9, 3.58, 3.71, 3.77, 3.63, 3.8, 3.32, 3.33, 2.94, 2.8, 2.79, 3.25, 3.13, 3.44]"
1970,"[2.75, 2.71, 2.71, 2.59, 2.77, 3.05, 2.44, 2.29, 2.66, 2.65]"
1971,"[2.5, 0]"
1972,"[3.25, 3.6]"
1973,[0]
1974,[0]
1976,"[3.08, 3.25, 3.45, 3.67, 3.2, 3.18, 3.2, 3.0, 3.57, 3.05, 3.36, 3.75]"
1979,"[4.0, 3.62, 3.41, 3.57, 3.35, 3.4, 3.3, 2.73, 3.32, 3.22, 3.11, 2.89, 3.0]"
1984,[2.75]
1987,"[3.13, 2.83, 2.63, 2.59, 2.85, 2.3, 3.31]"
1989,"[2.83, 3.06, 3.05, 2.0]"
1990,"[0, 2.5]"
1991,"[3.25, 0, 3.08]"
1993,"[2.25, 2.9, 2.38, 3.08, 2.56, 2.83]"
1994,[3.42]
1996,"[2.67, 2.75, 2.58, 3.08]"
1997,"[3.38, 3.35, 2.83, 2.54, 2.93, 2.89, 3.17]"
2001,"[3.0, 3.31, 2.77, 3.45, 3.5, 3.27, 3.11]"
2002,"[3.56, 3.35, 3.25, 3.5, 3.71, 3.92, 3.54, 3.13, 3.02]"
2007,[0]
2009,"[2.42, 0, 0]"
2012,"[2.13, 2.5]"
2014,"[3.33, 3.34, 3.38, 3.42, 3.42, 3.21, 3.56]"
2015,"[2.88, 2.64, 2.63]"
2016,"[3.83, 3.27, 3.56, 3.4]"
2017,"[2.5, 2.73, 3.25, 2.75]"
2020,"[4.0, 3.73, 4.0, 3.93, 3.71, 3.61, 4.0, 4.0, 3.85]"
2021,"[3.12, 3.33, 3.44, 3.71, 3.31, 3.08, 3.54, 2.73, 3.77, 3.08, 3.13, 3.25, 3.19]"
2025,"[2.25, 3.0, 2.0, 0, 0, 0]"
2026,"[2.17, 2.25, 2.13, 3.42]"
2028,"[3.92, 3.69, 3.46, 2.79, 3.52, 3.6, 3.35]"
2029,"[3.87, 4.0, 3.77, 3.73, 3.77, 3.94, 3.65, 3.31, 3.31, 0, 2.91, 3.35, 2.69]"
2030,"[2.58, 2.75, 2.52, 2.59, 2.25, 2.13, 2.21, 2.21, 2.5, 2.79, 2.59, 2.07, 2.95, 2.63]"
2034,[2.75]
2035,"[3.42, 2.88, 3.27, 3.52, 3.04, 3.14, 3.32, 2.69, 2.85, 2.36]"
2038,"[3.5, 3.37, 3.83]"
2042,"[3.83, 3.88, 4.0, 3.95]"
2043,"[2.5, 3.37, 3.25, 3.41]"
2044,"[3.75, 3.25, 3.13, 3.29, 3.19, 3.45, 2.96, 3.27, 3.4, 3.29, 3.34, 2.96]"
2047,"[3.0, 2.67, 3.16, 3.25]"
2048,"[0, 0, 2.0, 2.92, 3.17, 2.6]"
2049,"[2.0, 2.55, 2.81, 2.55, 2.92, 2.63, 2.36]"
2054,[2.13]
2055,[0]
2058,[3.67]
2061,"[2.5, 2.75, 2.36, 2.5, 2.75]"
2062,"[3.92, 3.83, 3.95, 3.95]"
2063,"[2.58, 2.65, 3.0, 2.83]"
2064,"[2.42, 2.45, 2.88, 2.89, 3.4, 2.64, 2.94, 2.38, 3.22, 2.86, 2.56, 2.5]"
2065,"[2.83, 3.16, 3.38, 3.08, 3.13, 3.45]"
2066,"[2.42, 2.58, 2.48, 2.61, 2.59, 0, 2.57, 2.21, 2.6, 2.62, 2.92, 2.68, 2.81]"
2068,"[3.0, 3.17, 3.32, 2.92]"
2069,"[3.94, 3.94]"
2070,[2.83]
2071,[0]
2074,"[3.83, 3.29, 3.7, 3.42, 3.38, 2.73, 3.16, 2.57, 3.81, 2.64, 3.02]"
2077,"[3.0, 2.75, 2.46, 2.57, 2.42, 2.64, 2.5]"
2080,"[3.21, 3.15, 3.83, 3.11, 3.48, 3.04, 3.63, 2.98, 2.6, 2.3, 2.85, 2.58, 3.25]"
2083,"[2.5, 3.17, 3.23, 2.64, 2.8, 3.42, 2.83, 3.04, 2.84, 3.18, 2.5]"
2084,"[2.38, 2.88, 2.55, 2.73]"
2085,[0]
2087,"[3.54, 3.67, 3.81, 3.0, 2.06, 0]"
2088,"[2.83, 2.81, 3.21, 2.6, 3.02, 3.65]"
2090,"[3.42, 3.89, 3.63, 3.63, 3.7, 3.61]"
2091,[3.0]
2092,"[3.58, 3.4, 3.77, 2.9, 3.28, 3.45, 3.06]"
2093,"[3.58, 3.77, 3.88, 3.94, 3.71, 3.35, 3.54, 3.33, 3.7, 3.45, 3.13, 3.16]"
2095,"[3.92, 3.67, 4.0]"
2099,"[3.08, 2.83, 3.0, 2.3]"
2101,[2.0]
2103,"[3.33, 2.93]"
2104,"[2.83, 2.83, 3.29, 3.0, 2.65, 2.81, 2.59, 0, 0]"
2106,"[3.58, 3.06, 3.27, 2.88, 3.83]"
2110,"[2.5, 2.23, 2.0, 0]"
2111,"[2.92, 2.63, 3.35, 2.93, 2.54, 2.89]"
2112,"[2.17, 2.67, 2.77, 2.82]"
2113,"[3.38, 2.98, 2.75, 3.05, 3.11, 3.22, 3.07, 3.05, 3.34]"
2114,"[2.67, 3.33]"
2115,[0]
2116,"[2.75, 3.5, 2.7, 2.52, 2.25, 2.31, 2.57, 2.41, 2.33, 3.02, 2.27, 3.07, 2.18, 2.67]"
2117,"[2.5, 2.69, 2.85, 2.75, 2.66, 2.63]"
2118,"[3.0, 3.11, 3.0, 2.88, 3.5, 2.13, 2.75, 2.75, 2.45, 3.57, 3.83]"
2122,"[2.88, 2.79, 3.57, 3.32, 2.94, 3.32, 3.16, 3.15, 3.73, 3.3]"
2123,"[3.38, 3.1]"
2124,"[2.25, 2.75]"
2125,"[2.5, 2.68, 2.13]"
2126,[2.75]
2127,"[3.17, 3.56, 3.89, 3.46]"
2128,[2.67]
2129,"[2.42, 2.48, 2.43, 3.02, 2.5, 2.75, 2.21, 2.38, 0, 2.4, 2.46, 2.95, 2.41]"
2130,"[2.5, 2.94, 2.52, 3.02, 2.42, 2.75, 2.75]"
2131,"[2.88, 3.88, 3.44, 3.69, 3.0, 3.44, 3.56, 4.0, 4.0, 3.25, 3.13, 2.42, 3.5]"
2132,"[2.33, 2.88, 3.42]"
2133,"[3.69, 3.59, 3.54, 3.54, 2.63, 3.45, 3.73, 3.66, 2.95]"
2134,[3.04]
2135,"[2.88, 3.25, 2.0, 2.57, 2.54, 2.0, 2.43, 2.38, 2.5, 2.68, 0]"
2136,"[3.17, 3.46, 3.19]"
2137,"[2.38, 2.9, 2.61, 2.45, 2.38, 2.55, 2.78, 3.07, 2.96, 2.9, 3.18, 3.0]"
2138,"[0, 3.0, 2.0, 2.25, 0, 2.75, 2.0]"
2141,"[2.42, 2.75, 2.7, 2.42, 2.75, 2.98, 2.38, 2.64, 2.38, 2.35, 2.77, 2.5]"
2143,[2.67]
2144,"[3.08, 3.12, 3.45, 3.79, 3.2, 3.79, 3.45, 3.63, 3.77, 3.42]"
2145,"[2.92, 3.15, 3.08, 2.75, 2.96, 3.25, 2.56]"
2148,[2.33]
2150,"[3.88, 3.77, 3.52, 3.54, 3.65, 3.7, 3.0, 3.0, 2.56]"
2151,"[3.83, 3.61, 3.83, 3.84, 3.88, 3.94, 3.91, 3.64, 3.58, 3.48, 3.38, 3.33, 3.75]"
2152,[0]
2153,"[3.0, 2.62, 0]"
2155,[2.25]
2156,"[2.33, 0, 0, 2.75, 0, 2.13, 2.13, 0]"
2157,[3.38]
2159,"[2.58, 0]"
2161,"[2.08, 0]"
2172,"[2.5, 0]"
2174,"[2.92, 0, 3.79, 3.5, 0, 0, 4.0, 3.33, 2.92, 3.61]"
2176,"[3.17, 2.68, 3.17, 2.8]"
2178,"[2.42, 0, 3.42]"
2179,"[2.25, 2.67, 3.25]"
2182,[0]
2184,"[2.33, 2.98, 2.79, 3.17]"
2185,[0]
2186,[0]
2190,"[2.75, 2.63, 2.5, 2.68, 2.95, 2.68, 2.48, 2.33, 2.66, 2.38]"
2192,"[3.67, 3.56, 3.33, 3.63, 3.8, 3.96, 3.32]"
2195,"[3.04, 2.75, 3.02, 2.58, 2.73, 2.5, 2.41, 3.09, 2.4, 3.06, 2.38, 2.52, 2.54, 3.38]"
2198,"[2.67, 2.64, 2.5, 0, 0, 0]"
2199,"[2.17, 2.67, 2.61, 2.67, 2.33, 2.33, 2.0, 2.86, 2.39, 2.88]"
2200,"[3.67, 3.58, 3.7, 3.92, 3.05, 3.63, 3.52]"
2201,"[4.0, 4.0, 4.0]"
2202,"[3.02, 3.85, 3.83, 3.57, 3.08, 3.25, 3.32, 3.23, 3.62, 3.43, 2.81, 2.75, 3.0]"
2203,"[2.42, 3.15, 2.82, 3.23, 3.12, 2.87, 3.0, 2.95]"
2204,[2.25]
2205,[2.75]
2206,"[3.0, 2.31, 2.85, 2.84, 2.0, 2.67, 2.55, 2.18, 2.21]"
2209,"[3.5, 3.75, 3.66, 3.59, 3.32, 3.65, 3.11, 3.29, 3.5, 3.58]"
2210,"[2.42, 2.83, 2.77, 2.66, 2.83, 2.77, 2.85, 2.71, 2.33, 2.55, 2.95, 2.86, 2.0]"
2211,"[2.58, 2.48, 2.5, 2.55, 3.13, 2.55, 2.63, 2.43]"
2213,"[2.0, 2.5]"
2214,"[2.42, 2.67, 2.92, 2.32, 2.25, 2.2, 2.45, 2.94, 2.69, 2.85, 2.63, 2.4, 2.94]"
2215,[0]
2216,"[2.92, 2.48, 2.48, 2.25, 0]"
2217,[2.0]
2221,"[2.25, 2.5, 2.25, 2.0]"
2222,"[3.67, 3.69, 3.86, 3.67, 3.35, 3.87, 3.92, 3.98, 3.94, 3.87, 3.71]"
2223,"[0, 3.5, 0]"
2227,"[2.0, 2.17, 2.38, 0]"
2228,[0]
2229,[2.63]
2231,"[2.25, 2.5, 0]"
2234,"[3.08, 3.12, 3.66, 3.16]"
2236,"[3.83, 3.4, 2.8, 3.17, 2.98, 3.04]"
2237,"[2.5, 2.88, 3.3, 2.77]"
2238,[2.67]
2242,"[3.5, 3.0, 3.31, 3.21, 3.55, 3.31]"
2243,"[2.92, 2.65, 2.9, 2.61, 2.56, 2.13, 2.33, 0, 2.0]"
2244,[3.17]
2245,[2.0]
2246,"[2.63, 2.69, 3.25, 2.55, 3.59, 3.33, 3.05, 2.14]"
2247,"[3.58, 3.06, 3.2, 3.88, 3.55, 3.34, 3.23, 2.8, 2.81, 2.92, 2.53, 2.44, 2.25]"
2248,"[2.75, 2.0, 0, 0, 0, 0, 0]"
2249,"[3.42, 2.92, 2.75, 2.3, 2.56, 2.98, 3.23, 3.46, 3.75]"
2250,"[4.0, 4.0, 4.0]"
2252,"[3.42, 3.25, 2.96]"
2254,"[4.0, 3.84, 3.75, 3.83, 4.0, 3.8, 3.4, 3.71, 3.3, 2.44, 2.98, 3.27, 3.56]"
2257,"[2.75, 2.75, 3.28, 2.11]"
2258,"[0, 0]"
2259,"[2.5, 3.25]"
2260,"[3.0, 3.31, 2.88, 3.25, 3.25, 2.5, 3.0, 0, 3.13, 3.25, 3.58, 3.13, 2.92, 3.17, 3.5, 2.13, 3.13]"
2262,"[2.63, 2.37, 3.48, 3.67, 2.81, 3.46, 3.96]"
2265,"[3.33, 3.08, 3.73, 2.84]"
2266,[2.0]
2267,[3.58]
2268,"[3.67, 3.65, 3.52, 2.93]"
2270,"[2.75, 2.55, 3.02, 2.31, 2.53]"
2271,"[3.75, 3.92, 3.65, 3.79, 3.68, 3.59, 3.43]"
2272,"[3.5, 3.08]"
2273,"[2.17, 2.71, 2.8, 2.43, 2.23, 2.65]"
2277,"[3.5, 3.48, 3.13]"
2282,"[3.63, 3.75, 3.81, 4.0, 3.63, 3.94, 3.88, 3.75, 3.8, 3.75, 3.75, 3.88]"
2285,"[3.83, 3.83, 3.79, 3.71, 3.86, 3.56, 3.37, 3.1, 3.38, 4.0]"
2286,"[3.42, 3.48, 3.08, 2.85]"
2287,"[2.5, 2.88, 3.05, 2.95, 2.58, 0]"
2288,"[2.5, 3.0, 2.64, 2.45, 2.63, 2.44, 2.75, 2.65, 2.08, 2.0]"
2289,"[3.25, 3.71, 3.84, 3.61]"
2290,"[2.5, 2.52, 2.4, 2.33, 2.36, 2.5, 2.93]"
2293,"[3.83, 3.63, 3.48, 2.95]"
2294,"[2.5, 0]"
2295,[2.13]
2296,"[3.52, 3.85, 4.0, 3.88, 3.75, 3.63, 3.77, 3.54, 3.71, 3.27, 3.18, 4.0]"
2298,[0]
2300,"[3.33, 2.79, 3.05, 3.02, 2.88, 2.75, 3.0, 3.55, 2.63, 3.38, 2.66, 2.4, 3.25]"
2301,"[2.38, 2.25, 2.56, 2.92, 2.72, 2.38, 2.59, 2.5, 2.2, 2.43, 2.46, 2.25]"
2304,[3.08]
2307,"[2.25, 2.61, 2.42, 2.14, 2.75]"
2308,"[2.67, 3.15, 3.48, 3.33, 3.04, 3.55]"
2309,[0]
2315,[2.42]
2318,"[2.38, 2.38, 2.42]"
2319,"[3.08, 2.14, 2.44, 2.92, 2.36]"
2320,[2.25]
2322,[2.13]
2323,"[2.25, 2.17]"
2324,[3.83]
2325,[0]
2327,"[3.58, 3.02, 3.81]"
2330,"[3.81, 3.59, 3.87, 3.88, 3.82, 3.65, 3.88, 3.86, 3.77]"
2334,"[3.67, 3.27, 3.23]"
2335,"[2.83, 2.75, 3.16]"
2336,"[2.58, 2.57, 2.56]"
2337,"[2.5, 3.38]"
2339,"[2.58, 2.19, 2.88, 2.38, 2.35]"
2341,"[2.75, 3.21, 3.57, 3.52, 2.96, 3.17, 3.0, 2.19, 2.78, 2.54]"
2343,[2.25]
2344,[3.25]
2345,"[2.83, 2.69, 3.11, 3.23, 2.98]"
2348,"[2.88, 4.0, 3.54, 2.92]"
2350,"[3.75, 3.83, 3.94, 3.89]"
2352,"[0, 0, 0, 0, 0]"
2353,"[2.0, 2.54, 3.0, 2.31, 2.75]"
2356,"[3.25, 3.06, 3.39, 2.38, 2.9, 2.56, 2.9, 2.63, 2.52, 2.67, 2.69]"
2361,"[2.92, 2.95, 2.13, 3.25, 3.14, 3.0, 3.15, 3.75, 2.6, 2.61, 2.65]"
2362,"[3.17, 3.48, 3.45, 2.82]"
2365,"[2.5, 2.7, 2.58, 0, 2.75]"
2366,[0]
2367,"[2.83, 3.08, 2.94, 2.75]"
2368,"[3.08, 2.67, 3.7]"
2372,[3.25]
2375,"[0, 0]"
2376,[0]
2377,"[2.75, 0]"
2380,"[3.25, 2.54, 2.43, 2.5, 2.69, 2.25, 2.85, 2.9, 3.16, 2.75, 2.7]"
2382,"[2.92, 2.9, 2.82]"
2385,"[2.38, 2.0]"
2387,"[3.25, 3.56, 3.77, 3.71, 3.16, 3.75, 3.41, 3.08, 3.64, 2.91, 3.29, 3.5]"
2388,[2.25]
2389,"[3.58, 3.62, 3.5, 3.41, 3.4, 3.02, 2.77]"
2393,"[3.67, 3.48, 3.19]"
2394,"[2.94, 3.36, 3.12, 3.52, 3.29, 3.25, 3.4, 3.27, 3.11]"
2397,"[2.67, 2.79, 2.93, 2.54, 2.75, 2.55, 2.5, 2.71, 2.82, 2.5, 3.19, 2.64]"
2398,"[2.0, 2.14, 2.0, 0]"
2399,"[3.94, 3.54, 2.79, 0, 0, 3.73, 3.0]"
2400,"[2.33, 2.71, 2.13, 2.17, 2.71, 0, 2.25, 2.42, 2.0, 2.03, 2.75, 2.0, 2.42]"
2401,"[3.33, 3.15, 2.88, 2.88, 2.5, 2.46, 2.63, 2.5, 2.57, 2.55, 2.32, 2.45, 2.43, 2.4, 0]"
2402,[2.75]
2403,"[3.0, 2.42, 2.44, 3.13, 2.73, 2.15]"
2406,"[2.13, 2.36, 2.75]"
2410,"[2.0, 0]"
2412,[2.83]
2414,"[4.0, 2.85, 3.14, 3.29, 2.84, 2.94, 2.85, 3.32, 3.6, 3.17, 3.2, 2.64]"
2415,"[2.13, 2.75, 2.0]"
2416,"[4.0, 3.19, 3.79, 3.7, 3.54, 3.75, 3.6, 3.42, 3.35, 3.43, 3.39, 3.75]"
2418,"[3.0, 2.6, 2.88, 2.92, 2.5]"
2420,[0]
2421,"[3.75, 3.65, 3.88, 4.0, 3.54, 3.8, 3.63, 3.69, 3.11, 3.71, 3.82, 3.5]"
2423,"[2.25, 3.19, 3.25, 2.58, 2.73, 2.75, 3.0, 2.38, 2.7, 2.39]"
2428,"[3.42, 2.88, 3.17, 3.4, 2.98, 3.27, 2.61]"
2429,"[2.25, 3.25, 3.65, 3.65, 3.34, 3.83]"
2431,[2.67]
2432,"[2.88, 3.0, 3.17, 2.75, 2.29, 2.25, 2.43, 2.5, 2.5, 2.93, 2.67]"
2434,"[2.25, 2.72, 0, 3.19, 3.63, 3.1, 3.38, 2.42, 0, 2.25, 2.77, 3.1, 3.32, 2.91, 3.46, 3.34]"
2435,"[0, 2.83, 2.46, 2.42, 2.35, 2.31, 2.43, 2.0]"
2437,[0]
2438,"[3.17, 3.06, 0]"
2439,[2.13]
2440,[3.23]
2444,"[3.42, 3.13, 2.88, 2.52, 2.79, 2.84, 2.62, 2.42, 3.1, 3.16]"
2445,"[2.13, 2.8, 2.64, 2.85, 2.43, 2.63, 2.63, 2.59]"
2447,"[2.0, 2.25, 3.5, 0]"
2451,"[3.25, 3.02, 2.71]"
2452,"[3.58, 3.88, 3.45, 2.91, 0, 2.55, 0, 2.58]"
2453,"[2.92, 0, 3.55, 3.67, 2.58, 2.92]"
2454,[3.08]
2455,"[3.58, 3.29, 3.31, 2.95, 3.75, 3.53]"
2456,[2.75]
2457,"[2.5, 3.0, 3.13, 2.5]"
2458,"[2.88, 2.75, 2.6, 2.67, 2.52, 2.93, 2.32, 2.25, 2.0, 3.0, 2.5, 2.0, 2.08, 2.0, 2.25]"
2459,[2.83]
2460,[2.13]
2461,"[2.67, 3.02, 3.61, 3.56, 2.88, 3.21, 2.83]"
2462,"[3.75, 3.37, 3.36, 3.29, 3.71, 3.46, 2.82, 2.2, 2.46]"
2465,"[2.75, 2.29, 2.82, 2.37, 2.31, 2.25, 2.11, 2.0]"
2469,"[2.5, 2.44]"
2470,"[2.63, 2.29, 0, 2.63, 2.7, 2.75, 2.78, 0]"
2471,"[3.17, 2.95, 3.48, 3.14, 3.25, 3.0, 3.07, 3.39, 3.29, 2.73, 3.2, 3.75]"
2475,"[2.0, 2.13, 2.66, 0, 0]"
2477,"[3.75, 3.9, 3.86, 3.57]"
2480,"[0, 0, 0, 0]"
2481,[0]
2482,"[2.5, 0, 0]"
2483,[0]
2484,[2.75]
2486,"[3.0, 2.5, 2.48, 0]"
2487,"[2.63, 2.88, 2.38, 2.39, 2.45]"
2488,"[3.25, 3.15, 3.7, 3.36, 3.25, 3.13, 3.23, 2.45, 2.17, 2.92]"
2489,"[2.25, 3.57, 2.85, 2.9]"
2491,"[2.58, 2.45, 3.12, 2.46, 2.1, 2.0]"
2492,[0]
2495,"[3.92, 3.08, 3.61, 3.18, 3.17, 3.44, 3.04, 3.35, 3.04, 3.54, 3.83, 3.5]"
2496,"[3.75, 3.54, 4.0, 3.94, 4.0, 3.6, 3.52]"
2497,[2.75]
2498,"[2.0, 3.44, 2.25, 3.1, 0, 3.14, 2.42, 2.31, 0, 0, 2.25, 2.0]"
2499,"[2.75, 2.58, 2.63, 2.93, 3.61, 2.73, 2.71, 3.21, 3.13, 2.46, 2.32, 3.17, 2.66, 4.0]"
2501,"[2.25, 2.0, 0, 0]"
2502,"[3.08, 3.04, 3.59, 2.71, 3.02, 2.67, 2.8, 2.56, 2.36, 2.35, 2.3]"
2503,"[2.13, 2.55, 0, 0]"
2504,[2.5]
2505,"[3.33, 2.69]"
2506,"[2.58, 3.19, 3.32, 3.2, 3.06, 3.88]"
2508,"[3.63, 3.45, 2.69, 0]"
2511,"[4.0, 3.88, 4.0, 4.0, 3.88, 3.94, 4.0, 3.94, 4.0, 3.5, 3.5, 3.67, 3.58]"
2512,"[2.38, 3.5, 2.44, 0, 2.0, 0, 3.0, 0]"
2514,"[2.25, 2.75, 2.0, 3.25, 2.5, 2.54, 2.48, 2.07, 2.18, 2.0, 2.5, 3.25]"
2516,"[3.75, 3.79, 3.2, 3.4]"
2517,"[3.58, 2.88, 3.17, 3.16, 2.48, 3.27]"
2519,"[0, 2.69, 2.81, 2.67, 2.68, 2.98, 2.82, 3.38, 2.79, 2.88, 2.93, 2.9]"
2520,"[2.58, 3.25, 3.04, 2.36]"
2521,"[3.73, 3.77, 3.87, 3.79, 3.23, 3.95, 3.82, 3.77, 3.57, 3.57, 3.82, 3.25]"
2522,"[2.25, 2.67, 2.97, 3.0, 2.33, 2.65, 0, 2.25, 2.25, 2.0, 2.0, 2.38]"
2524,[2.0]
2525,"[3.08, 2.85, 3.07, 3.48, 3.04, 3.3, 2.94, 2.75, 2.57, 3.08, 3.05, 3.38, 3.0]"
2526,"[3.67, 3.38, 3.39, 2.84]"
2528,[0]
2529,"[3.33, 3.43, 2.75, 2.64, 2.42, 3.17, 2.75, 2.5]"
2531,"[3.83, 3.23, 3.5, 3.14, 3.36]"
2534,"[3.5, 0, 3.17]"
2536,"[2.83, 3.55, 3.81, 3.48, 3.08, 3.67]"
2537,"[2.75, 2.5, 2.82, 2.36, 2.25, 2.64, 2.25, 2.86, 2.3, 2.52, 2.65, 2.42, 2.92, 2.4]"
2538,[0]
2539,[0]
2540,[0]
2541,[2.0]
2543,"[2.92, 2.62, 3.3, 2.88, 2.82, 3.0, 2.81, 3.18, 2.93, 2.79]"
2544,"[3.67, 3.61, 3.58, 3.5]"
2545,"[2.42, 2.17, 2.13, 2.3, 2.63, 2.73, 2.17]"
2547,[2.42]
2549,"[3.38, 3.15, 2.75]"
2553,"[3.0, 3.4, 3.14, 2.92, 3.69, 3.89, 3.94, 3.7]"
2554,[2.38]
2558,"[3.0, 3.04, 2.92]"
2559,[2.5]
2560,"[2.38, 2.6, 3.11, 2.81, 2.6, 2.69]"
2561,[0]
2562,"[2.83, 3.15, 3.77, 3.29]"
2563,"[3.5, 2.88, 2.79, 2.63, 2.67, 2.43, 2.4]"
2566,"[2.67, 2.71, 3.0, 2.41, 2.33, 2.38, 2.5, 2.25, 2.46, 2.29, 3.5, 2.69, 2.63, 2.35, 2.63]"
2567,"[3.67, 3.37, 3.64, 0]"
2571,[0]
2572,"[2.25, 2.63]"
2573,"[2.75, 0]"
2575,[3.13]
2577,"[2.33, 2.25, 2.85, 2.27, 2.63, 2.5, 3.07, 2.57, 2.63, 2.87, 3.27]"
2578,"[3.63, 3.3, 3.65, 3.52, 3.65, 3.23, 3.67, 3.62, 3.38]"
2580,"[2.5, 3.5, 2.13, 2.63, 2.17, 2.25, 2.25, 2.68, 2.3, 3.1, 2.14, 2.0]"
2581,"[3.75, 3.71, 4.0]"
2584,"[3.42, 2.52, 3.0, 3.36, 2.85, 3.11]"
2588,"[2.5, 2.95, 2.87, 2.58]"
2589,"[0, 0]"
2590,"[3.67, 3.85, 3.88]"
2592,"[3.58, 3.36, 3.44, 3.42, 3.65, 2.87]"
2593,"[3.58, 2.75, 2.83, 3.08, 2.62, 3.34, 3.32]"
2596,"[3.17, 2.68, 2.88, 3.14, 2.75, 2.13, 2.13, 3.0, 2.13, 2.75, 2.25, 2.8, 2.72, 2.42]"
2597,"[2.92, 2.95, 2.21, 2.6, 2.75, 2.46, 2.75, 2.54, 2.23, 2.5]"
2598,"[2.25, 2.38, 2.38, 2.52, 2.13, 2.61, 2.65, 2.88, 2.88]"
2601,"[4.0, 3.94, 3.88, 3.8, 3.57]"
2603,"[2.0, 0]"
2605,"[2.67, 2.63, 2.57, 2.71, 2.63, 2.65, 3.07, 2.46, 2.45, 2.33]"
2608,"[2.13, 2.11, 2.19, 2.25, 2.92]"
2611,"[2.33, 2.81, 3.0, 2.0]"
2612,"[3.25, 3.29, 2.67, 2.29, 2.67, 2.72, 2.28, 2.25]"
2613,"[2.42, 2.75, 3.25]"
2615,"[3.17, 2.67, 3.32, 2.87, 3.43, 3.0, 2.91, 2.6, 2.89, 2.86, 3.4, 2.61]"
2617,[2.92]
2618,"[3.17, 3.0, 2.93, 3.86, 3.5, 3.18, 3.1, 2.9, 3.23, 3.02, 3.3, 3.1, 4.0]"
2619,[2.58]
2622,"[2.58, 3.4, 3.25, 3.68, 3.33, 2.86, 3.25]"
2623,"[2.5, 2.57, 2.93, 2.34, 2.17, 2.57, 0, 2.13, 2.0, 3.0, 2.25, 2.5, 2.65, 2.0]"
2624,[2.67]
2625,"[2.5, 2.75, 2.63, 2.64, 2.41, 2.18, 2.65, 2.48, 2.56, 3.0, 2.5]"
2626,"[2.83, 0, 2.0, 2.0, 2.83, 2.92, 2.96, 2.0, 0, 0]"
2628,"[3.92, 2.94, 3.23, 2.89, 2.38, 2.82, 3.15, 3.21, 3.45, 3.04, 3.09, 3.63]"
2630,[2.92]
2632,"[2.75, 2.25]"
2633,"[2.67, 3.05, 2.44]"
2634,[0]
2635,"[3.46, 3.09, 3.0, 3.39, 2.77, 2.97, 3.61]"
2636,"[3.88, 2.0, 3.09, 2.65, 2.56, 3.77, 3.25, 2.69, 2.58, 3.23, 3.11, 2.75]"
2637,"[2.5, 3.08, 0]"
2639,"[2.17, 2.61, 2.46, 2.0, 2.0, 2.29, 2.33]"
2642,"[2.75, 3.13]"
2650,"[3.17, 3.71, 3.29, 3.32, 3.24, 2.58, 3.29, 2.58]"
2654,[2.17]
2655,"[2.0, 2.0, 2.38, 2.82, 3.38, 2.54]"
2657,"[2.92, 3.44]"
2658,"[4.0, 3.52, 3.66, 3.36, 3.06, 2.75, 3.25]"
2659,"[4.0, 3.83, 3.89, 4.0]"
2661,"[3.17, 3.6, 3.57, 3.36, 3.27, 2.77, 3.18, 3.13, 3.18, 3.26]"
2662,"[2.88, 3.25, 2.67]"
2663,"[3.0, 3.08, 3.13, 3.57]"
2664,"[2.13, 0, 0]"
2665,"[3.0, 3.71, 3.46, 3.52, 3.11, 4.0, 3.56, 3.45, 3.11, 3.04, 3.54]"
2666,[0]
2667,[2.13]
2671,"[2.0, 2.25]"
2672,"[2.17, 2.32, 2.95, 3.08, 2.48, 2.66]"
2675,"[2.13, 2.53, 2.0, 2.75, 2.04, 2.25, 2.25, 0, 2.75, 2.13, 2.25, 2.25, 2.79, 2.0, 2.0, 2.0]"
2676,"[2.5, 2.52, 2.32, 2.17, 2.0, 2.75, 2.25]"
2678,"[2.5, 2.04, 2.75, 2.38]"
2679,[0]
2682,"[3.0, 3.19, 3.39, 2.48, 3.1, 2.82, 2.95, 2.85, 2.69, 2.35, 2.38, 2.8, 2.5]"
2683,[0]
2684,"[2.81, 3.23, 3.0, 2.85, 2.33, 2.15, 0]"
2685,"[2.58, 2.63, 2.06, 2.0]"
2686,"[2.67, 2.81, 3.45, 3.02, 3.06, 2.71, 2.54, 2.29, 2.34, 2.18, 0]"
2687,"[3.08, 2.82, 3.17, 3.0, 3.09, 0, 3.25]"
2688,"[2.0, 0]"
2691,[2.25]
2694,[0]
2695,"[3.58, 3.5, 3.61, 3.52]"
2696,"[3.92, 4.0, 4.0, 4.0]"
2697,"[3.58, 4.0, 3.79, 3.04, 3.18]"
2698,"[3.58, 3.25, 3.73, 3.68, 3.7, 3.55, 3.77, 2.96, 3.31, 3.09]"
2699,"[2.42, 0, 0]"
2701,"[3.0, 2.75]"
2707,"[2.58, 2.77]"
2708,"[0, 0]"
2709,"[2.75, 2.67, 2.86, 2.63, 3.0, 3.0, 2.32, 2.68, 2.5, 2.77]"
2710,[2.75]
2714,"[2.42, 2.75, 2.67, 0, 0, 3.0, 0]"
2715,[2.0]
2716,"[3.83, 3.3, 3.7, 3.38, 2.98, 3.52, 3.12, 3.54, 3.77, 3.67, 3.6, 2.91]"
2717,"[3.5, 3.64, 3.83, 3.38, 2.75]"
2720,"[2.42, 2.67, 2.35, 0]"
2721,[2.5]
2722,"[2.58, 2.92, 2.38, 2.0, 3.02, 2.82, 3.06, 3.17, 2.79, 2.25, 2.62, 2.61]"
2723,"[3.08, 3.17, 3.6]"
2724,"[2.75, 3.02, 3.31, 2.73]"
2725,"[3.08, 2.88, 3.02, 2.98, 2.48, 2.31, 2.69, 2.61, 2.7, 2.6]"
2726,"[2.58, 2.5, 3.0, 3.5]"
2729,[2.0]
2732,[2.5]
2733,[0]
2735,"[3.42, 2.92, 3.52, 3.25, 2.93, 2.96, 2.78, 2.77, 2.56, 3.31, 3.44]"
